StudyID,SampleID,ESID,Authors,PubYear,r,n,Corrz,Varz,SEz,Gender,Raceethnic,Continent,Grade,Lowability,Teachers,Childanx,Adoladultanx,MvSanx,Anxcomp,Achmeas,Mathcont,Pub
6,1,1,Hoffman,2010,-0.380,70,-0.400059650,0.014925373,0.122169444,-999,2,1,5,2,1,-999,7,1,-999.00,3,3,0
6,1,2,Hoffman,2010,-0.420,70,-0.447692024,0.014925373,0.122169444,-999,2,1,5,2,1,-999,7,1,-999.00,3,3,0
19,2,3,Farquharson,2004,0.010,89,0.010000333,0.011627907,0.107832773,-999,-999,1,5,2,2,-999,1,1,-999.00,5,7,1
31,3,4,"Beasley, Long, & Natali",2001,-0.280,278,-0.287682072,0.003636364,0.060302269,-999,-999,1,3,2,2,6,-999,1,-999.00,2,-999,0
37,4,5,Novak & Tassell,2015,-0.440,30,-0.466047199,0.037037037,0.192450090,-999,-999,1,5,2,1,-999,3,1,-999.00,3,6,0
37,4,6,Novak & Tassell,2015,-0.600,30,-0.693147181,0.037037037,0.192450090,-999,-999,1,5,2,1,-999,3,1,-999.00,3,4,0
37,4,7,Novak & Tassell,2015,-0.690,30,-0.847955755,0.037037037,0.192450090,-999,-999,1,5,2,1,-999,3,1,-999.00,3,-999,0
47,5,8,"Hart, Logan, Thompson, Kovas, McLoughlin, & Petrill",2016,-0.310,506,-0.320545409,0.001988072,0.044587796,-999,1,1,3,2,2,1,-999,1,-999.00,2,-999,0
47,5,9,"Hart, Logan, Thompson, Kovas, McLoughlin, & Petrill",2016,-0.240,502,-0.244774113,0.002004008,0.044766148,-999,1,1,3,2,2,1,-999,1,-999.00,2,3,0
47,5,10,"Hart, Logan, Thompson, Kovas, McLoughlin, & Petrill",2016,-0.300,493,-0.309519604,0.002040816,0.045175395,-999,1,1,3,2,2,1,-999,1,-999.00,2,3,0
47,5,11,"Hart, Logan, Thompson, Kovas, McLoughlin, & Petrill",2016,-0.060,484,-0.060072156,0.002079002,0.045596075,-999,1,1,3,2,2,1,-999,1,-999.00,2,1,0
47,5,12,"Hart, Logan, Thompson, Kovas, McLoughlin, & Petrill",2016,-0.140,475,-0.140925576,0.002118644,0.046028731,-999,1,1,3,2,2,1,-999,1,-999.00,2,2,0
69,6,13,Leap,2013,0.250,40,-0.252215359,0.027027027,0.164398987,-999,-999,1,2,2,2,-999,10,1,-999.00,2,3,1
80,7,14,Abu-Hilal,2000,-0.360,394,-0.376885901,0.002557545,0.050572174,-999,-999,4,3,2,2,-999,10,1,-999.00,4,-999,0
80,7,15,Abu-Hilal,2000,-0.400,394,-0.423648930,0.002557545,0.050572174,-999,-999,4,3,2,2,-999,10,1,-999.00,4,-999,0
80,7,16,Abu-Hilal,2000,-0.450,394,-0.484700279,0.002557545,0.050572174,-999,-999,4,3,2,2,-999,10,1,2.00,4,-999,0
107,8,17,"Ferla, Valcke, & Cai",2009,-0.420,8796,-0.447692024,0.000113727,0.010664278,-999,-999,3,4,2,2,-999,8,1,1.00,4,-999,0
107,8,18,"Ferla, Valcke, & Cai",2009,-0.240,8796,-0.244774113,0.000113727,0.010664278,-999,-999,3,4,2,2,-999,8,1,1.00,2,-999,0
108,9,19,Zettle,2003,-0.150,24,-0.153187103,0.047619048,0.218217890,-999,2,1,5,2,2,-999,1,1,6.00,2,3,0
116,10,20,Zachai,1995,-0.270,111,-0.276863823,0.009259259,0.096225045,-999,-999,1,5,2,2,-999,1,1,6.00,1,-999,1
119,11,21,Bessant,2000,-0.240,240,-0.246578801,0.004219409,0.064956980,0,-999,1,5,2,2,-999,-999,2,5.00,4,8,1
119,11,22,Bessant,2000,-0.180,240,-0.176820020,0.004219409,0.064956980,0,-999,1,5,2,2,-999,-999,2,5.00,4,8,1
119,11,23,Bessant,2000,-0.170,240,-0.168578995,0.004219409,0.064956980,0,-999,1,5,2,2,-999,-999,2,4.00,4,8,1
119,12,24,Bessant,2000,-0.290,181,-0.298675449,0.005617978,0.074953169,1,-999,1,5,2,2,-999,-999,2,5.00,4,8,1
119,12,25,Bessant,2000,-0.280,181,-0.291483877,0.005617978,0.074953169,1,-999,1,5,2,2,-999,-999,2,4.00,4,8,1
119,12,26,Bessant,2000,-0.210,181,-0.208155148,0.005617978,0.074953169,1,-999,1,5,2,2,-999,-999,2,5.00,4,8,1
120,13,27,"Jansen, Schmitz, & van der Maas",2016,-0.330,521,-0.340585495,0.001930502,0.043937478,-999,-999,3,6,2,2,6,-999,1,-999.00,3,3,0
131,14,28,Baloglu,2001,-0.380,246,-0.400059650,0.004115226,0.064150030,-999,-999,1,5,2,2,-999,1,1,-999.00,4,-999,1
137,15,29,Tissot,1997,-0.260,265,-0.266108407,0.003816794,0.061780206,-999,2,1,3,2,2,-999,3,1,-999.00,1,-999,1
137,15,30,Tissot,1997,-0.170,258,-0.171666664,0.003921569,0.062622429,0,2,1,3,2,2,-999,3,1,-999.00,1,-999,1
137,15,31,Tissot,1997,-0.300,232,-0.309519604,0.004366812,0.066081860,1,2,1,3,2,2,-999,3,1,-999.00,1,-999,1
137,15,32,Tissot,1997,-0.270,225,-0.276863823,0.004504505,0.067115606,-999,2,1,3,2,2,-999,3,1,-999.00,1,-999,1
137,15,33,Tissot,1997,-0.370,76,-0.388423100,0.013698630,0.117041147,-999,2,1,3,2,2,-999,3,1,-999.00,1,-999,1
137,15,34,Tissot,1997,-0.130,131,-0.130739850,0.007812500,0.088388348,-999,2,1,3,2,2,-999,3,1,-999.00,1,-999,1
137,15,35,Tissot,1997,-0.250,119,-0.255412812,0.008620690,0.092847669,-999,2,1,3,2,2,-999,3,1,-999.00,1,-999,1
137,15,36,Tissot,1997,-0.230,168,-0.234189467,0.006060606,0.077849894,-999,1,1,3,2,2,-999,3,1,-999.00,1,-999,1
140,16,37,Davis,2009,-0.130,290,-0.134810788,0.003484321,0.059028134,-999,2,1,5,2,2,-999,1,1,6.00,4,-999,1
140,16,38,Davis,2009,-0.170,290,-0.175788613,0.003484321,0.059028134,-999,2,1,5,2,2,-999,1,1,6.00,4,-999,1
143,17,39,Cook,1997,-0.060,186,-0.056058649,0.005464481,0.073922127,-999,1,1,5,2,2,-999,1,1,-999.00,4,7,1
143,18,40,Cook,1997,-0.070,151,-0.072124804,0.006756757,0.082199494,-999,1,1,5,2,2,-999,1,1,-999.00,4,7,1
148,19,41,Erturan & Jansen,2015,-0.070,110,-0.071119666,0.009345794,0.096673649,1,-999,3,2,2,2,6,-999,1,-999.00,2,3,0
148,20,42,Erturan & Jansen,2015,-0.230,98,-0.237359351,0.010526316,0.102597835,0,-999,3,2,2,2,6,-999,1,-999.00,2,3,0
148,21,43,Erturan & Jansen,2015,-0.150,71,-0.151140436,0.014705882,0.121267813,1,-999,3,3,2,2,6,-999,1,-999.00,2,3,0
148,22,44,Erturan & Jansen,2015,-0.370,63,-0.388423100,0.016666667,0.129099445,0,-999,3,3,2,2,6,-999,1,-999.00,2,3,0
151,23,45,"Birgin, Baloglu, Cathoglu, & Gurbuz",2010,-0.750,73,-0.972955075,0.014285714,0.119522861,-999,-999,4,3,2,2,6,-999,1,-999.00,2,-999,0
151,24,46,"Birgin, Baloglu, Cathoglu, & Gurbuz",2010,-0.690,74,-0.847955755,0.014084507,0.118678166,-999,-999,4,3,2,2,6,-999,1,-999.00,2,-999,0
151,25,47,"Birgin, Baloglu, Cathoglu, & Gurbuz",2010,-0.720,73,-0.907644983,0.014285714,0.119522861,-999,-999,4,3,2,2,6,-999,1,-999.00,2,-999,0
153,26,48,Lim & Chapman,2013,-0.500,1027,-0.549306144,0.000976563,0.031250000,-999,-999,4,4,2,2,-999,3,1,-999.00,3,-999,0
166,27,49,"Gonzalez, Rodriguez, Failde, & Carrera",2016,-0.620,468,-0.718533343,0.002150538,0.046373890,-999,-999,3,5,2,2,-999,6,1,5.00,4,8,0
166,28,50,"Gonzalez, Rodriguez, Failde, & Carrera",2016,-0.570,479,-0.643090257,0.002100840,0.045834925,-999,-999,3,5,2,2,-999,6,1,5.00,4,8,0
167,29,51,Williams,1994,-0.230,175,-0.228916547,0.005813953,0.076249285,-999,1,1,4,2,2,-999,8,1,1.00,1,-999,0
167,29,52,Williams,1994,-0.400,175,-0.423648930,0.005813953,0.076249285,-999,1,1,4,2,2,-999,8,1,2.00,1,-999,0
171,30,53,Miller & Bichsel,2004,-0.320,100,-0.331647109,0.010309278,0.101534617,-999,-999,1,6,2,2,-999,1,1,6.00,2,-999,0
171,30,54,Miller & Bichsel,2004,-0.410,100,-0.435611223,0.010309278,0.101534617,-999,-999,1,6,2,2,-999,1,1,6.00,2,3,0
174,31,55,"Morsanyi, Primi, Handley, Chiesi, & Galli",2012,-0.340,93,-0.354092529,0.011111111,0.105409255,0,-999,3,5,2,2,-999,-999,2,-999.00,2,-999,0
186,32,56,"Hopko, Hunt, & Armento",2005,-0.260,100,-0.266108407,0.010309278,0.101534617,-999,1,1,5,2,2,-999,1,1,6.00,2,3,0
197,33,57,"Hamid, Shahrill, Matzin, Mahalle, & Mundia",2013,-0.180,204,-0.184050431,0.004975124,0.070534562,-999,-999,4,4,2,2,-999,9,1,-999.00,3,-999,0
197,33,58,"Hamid, Shahrill, Matzin, Mahalle, & Mundia",2013,-0.260,204,-0.263964597,0.004975124,0.070534562,-999,-999,4,4,2,2,-999,9,1,-999.00,3,-999,0
210,34,59,"Standing, Sproule, & Leung",2006,-0.140,146,-0.145007898,0.006993007,0.083624201,-999,-999,-999,5,2,2,-999,10,1,-999.00,2,-999,0
212,35,60,"Rolison, Morsanyi, & O'Connor",2016,-0.500,210,-0.549306144,0.004830918,0.069504805,-999,-999,1,6,2,2,-999,10,1,-999.00,2,5,0
212,36,61,"Rolison, Morsanyi, & O'Connor",2016,-0.370,201,-0.388423100,0.005050505,0.071066905,-999,-999,1,6,2,2,-999,10,1,-999.00,2,5,0
241,37,62,Chiesi & Primi,2010,-0.130,487,-0.130739850,0.002066116,0.045454545,-999,-999,3,5,2,2,-999,-999,2,-999.00,2,-999,0
241,37,63,Chiesi & Primi,2010,-0.140,487,-0.140925576,0.002066116,0.045454545,-999,-999,3,5,2,2,-999,-999,2,6.00,2,-999,0
241,37,64,Chiesi & Primi,2010,-0.210,487,-0.213171347,0.002066116,0.045454545,-999,-999,3,5,2,2,-999,-999,2,-999.00,5,8,0
241,37,65,Chiesi & Primi,2010,-0.110,487,-0.110446916,0.002066116,0.045454545,-999,-999,3,5,2,2,-999,-999,2,-999.00,5,8,0
241,37,66,Chiesi & Primi,2010,-0.130,487,-0.130739850,0.002066116,0.045454545,-999,-999,3,5,2,2,-999,-999,2,6.00,5,8,0
241,37,67,Chiesi & Primi,2010,-0.150,487,-0.151140436,0.002066116,0.045454545,-999,-999,3,5,2,2,-999,-999,2,-999.00,4,8,0
241,37,68,Chiesi & Primi,2010,-0.180,487,-0.181982689,0.002066116,0.045454545,-999,-999,3,5,2,2,-999,-999,2,6.00,4,8,0
241,37,69,Chiesi & Primi,2010,-0.250,487,-0.255412812,0.002066116,0.045454545,-999,-999,3,5,2,2,-999,-999,2,-999.00,4,8,0
241,37,70,Chiesi & Primi,2010,-0.060,487,-0.060072156,0.002066116,0.045454545,-999,-999,3,5,2,2,-999,-999,2,-999.00,4,-999,0
241,37,71,Chiesi & Primi,2010,-0.060,487,-0.060072156,0.002066116,0.045454545,-999,-999,3,5,2,2,-999,-999,2,-999.00,4,-999,0
241,37,72,Chiesi & Primi,2010,-0.080,487,-0.080171325,0.002066116,0.045454545,-999,-999,3,5,2,2,-999,-999,2,6.00,4,-999,0
241,37,73,Chiesi & Primi,2010,-0.200,487,-0.202732554,0.002066116,0.045454545,-999,-999,3,5,2,2,-999,-999,2,-999.00,2,-999,0
272,38,74,"Stankov, Morony, & Lee",2014,-0.330,598,-0.342828254,0.001680672,0.040996003,-999,-999,4,4,2,2,-999,5,1,-999.00,3,-999,0
289,39,75,Ader & Erktin,2010,-0.470,751,-0.510070337,0.001336898,0.036563621,-999,-999,4,4,2,2,-999,10,1,-999.00,1,-999,0
295,40,76,Bai,2011,-0.380,647,-0.400059650,0.001552795,0.039405520,-999,2,1,3,2,2,-999,9,1,-999.00,2,-999,0
298,41,77,"Keeley, Zayac, & Correia",2008,0.040,76,0.036015564,0.013698630,0.117041147,-999,-999,1,5,2,2,-999,-999,2,6.00,5,8,0
298,41,78,"Keeley, Zayac, & Correia",2008,-0.020,76,-0.015001125,0.013698630,0.117041147,-999,-999,1,5,2,2,-999,-999,2,-999.00,5,8,0
298,41,79,"Keeley, Zayac, & Correia",2008,-0.190,76,-0.195451377,0.013698630,0.117041147,-999,-999,1,5,2,2,-999,-999,2,-999.00,5,8,0
298,41,80,"Keeley, Zayac, & Correia",2008,-0.030,69,-0.031009936,0.015151515,0.123091491,-999,-999,1,5,2,2,-999,-999,2,-999.00,5,8,0
298,41,81,"Keeley, Zayac, & Correia",2008,-0.040,69,-0.044028428,0.015151515,0.123091491,-999,-999,1,5,2,2,-999,-999,2,-999.00,5,8,0
298,41,82,"Keeley, Zayac, & Correia",2008,-0.080,69,-0.077152721,0.015151515,0.123091491,-999,-999,1,5,2,2,-999,-999,2,6.00,5,8,0
298,41,83,"Keeley, Zayac, & Correia",2008,-0.100,69,-0.104377407,0.015151515,0.123091491,-999,-999,1,5,2,2,-999,-999,2,6.00,5,8,0
298,41,84,"Keeley, Zayac, & Correia",2008,-0.110,69,-0.109434780,0.015151515,0.123091491,-999,-999,1,5,2,2,-999,-999,2,-999.00,5,8,0
298,41,85,"Keeley, Zayac, & Correia",2008,-0.190,68,-0.191299921,0.015384615,0.124034735,-999,-999,1,5,2,2,-999,-999,2,-999.00,5,8,0
298,41,86,"Keeley, Zayac, & Correia",2008,-0.190,63,-0.187154970,0.016666667,0.129099445,-999,-999,1,5,2,2,-999,-999,2,-999.00,5,8,0
298,41,87,"Keeley, Zayac, & Correia",2008,-0.220,63,-0.225758808,0.016666667,0.129099445,-999,-999,1,5,2,2,-999,-999,2,-999.00,5,8,0
298,41,88,"Keeley, Zayac, & Correia",2008,-0.250,63,-0.252215359,0.016666667,0.129099445,-999,-999,1,5,2,2,-999,-999,2,6.00,5,8,0
298,41,89,"Keeley, Zayac, & Correia",2008,-0.300,63,-0.308421065,0.016666667,0.129099445,-999,-999,1,5,2,2,-999,-999,2,-999.00,5,8,0
298,41,90,"Keeley, Zayac, & Correia",2008,-0.310,63,-0.324976786,0.016666667,0.129099445,-999,-999,1,5,2,2,-999,-999,2,-999.00,5,8,0
298,41,91,"Keeley, Zayac, & Correia",2008,-0.180,62,-0.179916485,0.016949153,0.130188911,-999,-999,1,5,2,2,-999,-999,2,6.00,5,8,0
298,41,92,"Keeley, Zayac, & Correia",2008,-0.090,61,-0.092260889,0.017241379,0.131306433,-999,-999,1,5,2,2,-999,-999,2,-999.00,5,8,0
298,41,93,"Keeley, Zayac, & Correia",2008,-0.200,61,-0.202732554,0.017241379,0.131306433,-999,-999,1,5,2,2,-999,-999,2,6.00,5,8,0
298,41,94,"Keeley, Zayac, & Correia",2008,-0.270,61,-0.272554287,0.017241379,0.131306433,-999,-999,1,5,2,2,-999,-999,2,-999.00,5,8,0
308,42,95,"Maree, Van Der Walt, & Ellis",2009,-0.300,1103,-0.309519604,0.000909091,0.030151134,-999,-999,5,3,2,2,-999,10,1,-999.00,2,-999,0
315,43,96,Tobias & Everson,1995,-0.290,51,-0.298566264,0.020833333,0.144337567,-999,-999,1,2,2,2,-999,3,1,-999.00,3,-999,1
320,44,97,Lim & Chapman,2013,-0.500,1618,-0.549306144,0.000619195,0.024883630,-999,-999,4,4,2,2,-999,3,1,-999.00,3,-999,0
330,47,98,"Goetz, Bieg, Ludtke, Pekrun, & Hall",2013,-0.270,59,-0.276863823,0.017857143,0.133630621,0,-999,3,4,2,2,-999,2,1,5.00,5,-999,0
330,45,99,"Goetz, Bieg, Ludtke, Pekrun, & Hall",2013,-0.420,268,-0.447692024,0.003773585,0.061429512,0,-999,3,3,2,2,-999,6,1,4.00,5,-999,0
330,46,100,"Goetz, Bieg, Ludtke, Pekrun, & Hall",2013,0.110,316,0.106399703,0.003194888,0.056523342,1,-999,3,3,2,2,-999,2,1,4.00,5,-999,0
330,46,101,"Goetz, Bieg, Ludtke, Pekrun, & Hall",2013,-0.350,316,-0.365443754,0.003194888,0.056523342,1,-999,3,3,2,2,-999,6,1,4.00,5,-999,0
330,45,102,"Goetz, Bieg, Ludtke, Pekrun, & Hall",2013,0.060,268,0.055055559,0.003773585,0.061429512,0,-999,3,3,2,2,-999,2,1,4.00,5,-999,0
330,47,103,"Goetz, Bieg, Ludtke, Pekrun, & Hall",2013,-0.230,59,-0.234189467,0.017857143,0.133630621,0,-999,3,4,2,2,-999,2,1,5.00,5,-999,0
330,48,104,"Goetz, Bieg, Ludtke, Pekrun, & Hall",2013,-0.100,52,-0.104377407,0.020408163,0.142857143,1,-999,3,4,2,2,-999,2,1,5.00,5,-999,0
330,48,105,"Goetz, Bieg, Ludtke, Pekrun, & Hall",2013,-0.150,52,-0.151140436,0.020408163,0.142857143,1,-999,3,4,2,2,-999,2,1,5.00,5,-999,0
335,49,106,Imbo & Bandierendonck,2007,-0.010,60,-0.012000576,0.017543860,0.132453236,-999,-999,3,5,2,2,-999,10,1,-999.00,2,3,0
335,50,107,Imbo & Bandierendonck,2007,-0.320,60,-0.332761588,0.017543860,0.132453236,-999,-999,3,5,2,2,-999,10,1,-999.00,2,3,0
337,51,108,"Catlioglu, Gurbuz, & Birgin",2014,-0.430,480,-0.456221950,0.002096436,0.045786855,-999,-999,4,5,2,1,-999,10,1,-999.00,4,-999,0
357,52,109,Harpole,1995,-0.530,19,-0.590145160,0.062500000,0.250000000,-999,-999,1,3,2,2,-999,8,1,3.00,2,-999,1
357,53,110,Harpole,1995,-0.450,28,-0.484700279,0.040000000,0.200000000,-999,1,1,3,2,2,-999,8,1,3.00,2,-999,1
363,54,111,Hong and Karstensson,2002,-0.430,298,-0.459896681,0.003389831,0.058222251,-999,-999,1,5,2,2,-999,10,1,5.00,3,-999,0
363,54,112,Hong and Karstensson,2002,-0.550,298,-0.618381314,0.003389831,0.058222251,-999,-999,1,5,2,2,-999,10,1,5.00,3,-999,0
369,55,113,"Bandalos, Yates, & Thorndike-Christ",1995,-0.260,338,-0.263964597,0.002985075,0.054635836,-999,-999,1,5,2,2,-999,-999,2,2.00,5,8,0
369,55,114,"Bandalos, Yates, & Thorndike-Christ",1995,-0.380,338,-0.404743086,0.002985075,0.054635836,-999,-999,1,5,2,2,-999,-999,2,1.00,5,8,0
370,56,115,"Lai, Zhu, Chen, & Li",2015,-0.110,217,-0.110446916,0.004672897,0.068358593,-999,-999,4,2,2,2,6,-999,1,4.00,5,-999,0
370,56,116,"Lai, Zhu, Chen, & Li",2015,-0.240,217,-0.244774113,0.004672897,0.068358593,-999,-999,4,2,2,2,6,-999,1,5.00,5,-999,0
377,57,117,Rushing Jr.,1996,-0.270,140,-0.276863823,0.007299270,0.085435766,-999,-999,1,5,2,2,-999,1,1,4.00,1,-999,1
377,57,118,Rushing Jr.,1996,-0.040,140,-0.040021354,0.007299270,0.085435766,-999,-999,1,5,2,2,-999,1,1,-999.00,1,-999,1
396,58,119,"Schommer-Aikens, Unruh, & Morphew",2015,-0.160,94,-0.161386696,0.010989011,0.104828484,-999,-999,1,5,2,2,-999,1,1,6.00,5,7,0
396,58,120,"Schommer-Aikens, Unruh, & Morphew",2015,-0.210,94,-0.213171347,0.010989011,0.104828484,-999,-999,1,5,2,2,-999,1,1,6.00,4,7,0
423,59,121,Hutt,2007,-0.180,100,-0.181982689,0.010309278,0.101534617,-999,-999,1,5,2,2,-999,7,1,-999.00,4,-999,1
423,60,122,Hutt,2007,0.010,154,0.010000333,0.006622517,0.081378846,-999,-999,1,5,2,2,-999,7,1,-999.00,4,-999,1
423,60,123,Hutt,2007,-0.010,154,-0.010000333,0.006622517,0.081378846,-999,-999,1,5,2,2,-999,7,1,-999.00,4,-999,1
426,61,124,Merritt,2011,-0.220,188,-0.223656109,0.005405405,0.073521462,-999,2,1,3,2,2,-999,4,1,-999.00,1,-999,1
427,62,125,Tsao,2004,-0.420,155,-0.450122871,0.006578947,0.081110711,-999,-999,1,5,2,1,-999,3,1,-999.00,2,-999,0
427,62,126,Tsao,2004,-0.460,155,-0.490987692,0.006578947,0.081110711,-999,-999,1,5,2,1,-999,3,1,-999.00,2,-999,0
427,62,127,Tsao,2004,-0.470,155,-0.507506360,0.006578947,0.081110711,-999,-999,1,5,2,1,-999,3,1,-999.00,2,-999,0
432,63,128,"Hunt, Clark-Carter, & Sheffield",2015,0.080,78,0.080171325,0.013333333,0.115470054,-999,-999,3,5,2,2,-999,10,1,-999.00,2,-999,0
432,63,129,"Hunt, Clark-Carter, & Sheffield",2015,0.010,78,0.010000333,0.013333333,0.115470054,-999,-999,3,5,2,2,-999,10,1,-999.00,2,-999,0
432,63,130,"Hunt, Clark-Carter, & Sheffield",2015,-0.010,78,-0.010000333,0.013333333,0.115470054,-999,-999,3,5,2,2,-999,10,1,-999.00,2,-999,0
432,63,131,"Hunt, Clark-Carter, & Sheffield",2015,-0.020,78,-0.020002667,0.013333333,0.115470054,-999,-999,3,5,2,2,-999,10,1,-999.00,2,-999,0
432,63,132,"Hunt, Clark-Carter, & Sheffield",2015,-0.050,78,-0.050041729,0.013333333,0.115470054,-999,-999,3,5,2,2,-999,10,1,-999.00,2,-999,0
432,63,133,"Hunt, Clark-Carter, & Sheffield",2015,-0.050,78,-0.050041729,0.013333333,0.115470054,-999,-999,3,5,2,2,-999,10,1,-999.00,2,-999,0
432,63,134,"Hunt, Clark-Carter, & Sheffield",2015,-0.100,78,-0.100335348,0.013333333,0.115470054,-999,-999,3,5,2,2,-999,10,1,-999.00,2,-999,0
432,63,135,"Hunt, Clark-Carter, & Sheffield",2015,-0.120,78,-0.120581028,0.013333333,0.115470054,-999,-999,3,5,2,2,-999,10,1,-999.00,2,-999,0
437,64,136,Aoude,2013,-0.160,120,-0.161386696,0.008547009,0.092450033,-999,-999,4,5,1,2,-999,9,1,-999.00,4,-999,1
446,65,137,Guven & Cabakcor,2013,-0.350,115,-0.360892579,0.008928571,0.094491118,-999,-999,4,3,2,2,-999,10,1,-999.00,3,-999,0
465,66,138,Koponen & Lasonen,1994,-0.350,882,-0.365443754,0.001137656,0.033729163,-999,-999,3,4,2,2,-999,10,1,-999.00,4,-999,0
472,67,139,"Vukovic, Roberts, & Green Wright",2013,-0.220,78,-0.223656109,0.013333333,0.115470054,-999,2,1,1,2,2,3,-999,1,-999.00,2,3,0
472,67,140,"Vukovic, Roberts, & Green Wright",2013,-0.310,78,-0.320545409,0.013333333,0.115470054,-999,2,1,1,2,2,3,-999,1,-999.00,2,7,0
472,67,141,"Vukovic, Roberts, & Green Wright",2013,-0.360,78,-0.376885901,0.013333333,0.115470054,-999,2,1,1,2,2,3,-999,1,-999.00,3,4,0
480,68,142,Wilder,2012,-0.090,267,-0.086212965,0.003787879,0.061545745,1,-999,1,5,2,2,-999,1,1,4.00,1,-999,1
480,68,143,Wilder,2012,-0.280,267,-0.284429817,0.003787879,0.061545745,1,-999,1,5,2,2,-999,1,1,-999.00,1,-999,1
480,69,144,Wilder,2012,-0.050,157,-0.046032487,0.006493506,0.080582296,0,-999,1,5,2,2,-999,1,1,4.00,1,-999,1
480,69,145,Wilder,2012,-0.210,157,-0.215264538,0.006493506,0.080582296,0,-999,1,5,2,2,-999,1,1,-999.00,1,-999,1
487,70,146,"Devine, Fawcett, Szucs, & Dowker",2012,-0.180,268,-0.181982689,0.003773585,0.061429512,1,-999,3,3,2,2,-999,1,1,6.00,3,3,0
487,71,147,"Devine, Fawcett, Szucs, & Dowker",2012,-0.350,165,-0.364304607,0.006172840,0.078567420,0,-999,3,3,2,2,-999,1,1,6.00,3,3,0
501,72,148,"Frenzel, Pekrun, & Goetz",2007,-0.150,1036,-0.151140436,0.000968054,0.031113570,1,-999,3,3,2,2,-999,6,1,-999.00,4,-999,0
501,73,149,"Frenzel, Pekrun, & Goetz",2007,-0.170,1017,-0.171666664,0.000986193,0.031403715,0,-999,3,3,2,2,-999,6,1,-999.00,4,-999,0
528,74,150,Lim & Chapman,2015,-0.450,521,-0.484700279,0.001930502,0.043937478,0,-999,4,4,2,2,-999,3,1,-999.00,3,-999,0
528,74,151,Lim & Chapman,2015,-0.540,521,-0.604155603,0.001930502,0.043937478,0,-999,4,4,2,2,-999,3,1,-999.00,3,-999,0
528,75,152,Lim & Chapman,2015,-0.410,497,-0.435611223,0.002024291,0.044992127,1,-999,4,4,2,2,-999,3,1,-999.00,3,-999,0
528,75,153,Lim & Chapman,2015,-0.460,497,-0.497311288,0.002024291,0.044992127,1,-999,4,4,2,2,-999,3,1,-999.00,3,-999,0
530,76,154,Bull,2009,-0.220,58,-0.225758808,0.018181818,0.134839972,-999,-999,1,5,2,2,-999,2,1,4.00,3,3,0
530,76,155,Bull,2009,-0.340,58,-0.349576602,0.018181818,0.134839972,-999,-999,1,5,2,2,-999,2,1,4.00,3,-999,0
552,77,156,"Luo, Lee, Ng, & Ong",2014,-0.360,273,-0.376885901,0.003703704,0.060858062,-999,-999,4,3,2,2,-999,6,1,-999.00,4,-999,0
563,78,157,Bosmans & De Smedt,2015,-0.420,87,-0.447692024,0.011904762,0.109108945,-999,-999,3,2,2,2,-999,4,1,-999.00,2,3,0
563,78,158,Bosmans & De Smedt,2015,-0.430,87,-0.459896681,0.011904762,0.109108945,-999,-999,3,2,2,2,-999,4,1,-999.00,1,-999,0
571,79,159,"Maloney, Ramirez, Gunderson, Levine, & Beilock",2015,-0.250,438,-0.257547287,0.002298851,0.047946330,-999,-999,1,1,2,2,4,-999,1,-999.00,2,-999,0
571,79,160,"Maloney, Ramirez, Gunderson, Levine, & Beilock",2015,-0.390,438,-0.407091126,0.002298851,0.047946330,-999,-999,1,1,2,2,4,-999,1,-999.00,2,-999,0
583,80,161,"Agus, Penna, Pero- Cebollero, Guardia- Olmos, & Pessa",2016,0.110,127,0.106399703,0.008064516,0.089802651,-999,-999,3,5,2,2,-999,-999,2,-999.00,2,-999,0
583,80,162,"Agus, Penna, Pero- Cebollero, Guardia- Olmos, & Pessa",2016,0.030,127,0.029008134,0.008064516,0.089802651,-999,-999,3,5,2,2,-999,-999,2,-999.00,2,-999,0
583,80,163,"Agus, Penna, Pero- Cebollero, Guardia- Olmos, & Pessa",2016,-0.020,127,-0.023004057,0.008064516,0.089802651,-999,-999,3,5,2,2,-999,-999,2,4.00,2,-999,0
583,81,164,"Agus, Penna, Pero- Cebollero, Guardia- Olmos, & Pessa",2016,0.020,173,0.024004610,0.005882353,0.076696499,-999,-999,3,5,2,2,-999,-999,2,-999.00,2,-999,0
583,81,165,"Agus, Penna, Pero- Cebollero, Guardia- Olmos, & Pessa",2016,-0.040,173,-0.036015564,0.005882353,0.076696499,-999,-999,3,5,2,2,-999,-999,2,-999.00,2,-999,0
583,81,166,"Agus, Penna, Pero- Cebollero, Guardia- Olmos, & Pessa",2016,-0.040,173,-0.044028428,0.005882353,0.076696499,-999,-999,3,5,2,2,-999,-999,2,4.00,2,-999,0
583,82,167,"Agus, Penna, Pero- Cebollero, Guardia- Olmos, & Pessa",2016,-0.090,376,-0.090244188,0.002680965,0.051778037,-999,-999,3,5,2,2,-999,-999,2,4.00,2,-999,0
583,82,168,"Agus, Penna, Pero- Cebollero, Guardia- Olmos, & Pessa",2016,-0.130,376,-0.126673217,0.002680965,0.051778037,-999,-999,3,5,2,2,-999,-999,2,-999.00,2,-999,0
583,82,169,"Agus, Penna, Pero- Cebollero, Guardia- Olmos, & Pessa",2016,-0.160,376,-0.164467041,0.002680965,0.051778037,-999,-999,3,5,2,2,-999,-999,2,-999.00,2,-999,0
588,83,170,"Wang, Lukowski, Hart, Lyons, Thompson, Kovas, Mazzocco, Plomin, & Petrill",2015,-0.190,219,-0.192337169,0.004629630,0.068041382,-999,-999,1,5,2,2,-999,1,1,-999.00,2,-999,0
588,84,171,"Wang, Lukowski, Hart, Lyons, Thompson, Kovas, Mazzocco, Plomin, & Petrill",2015,-0.250,511,-0.255412812,0.001968504,0.044367825,-999,1,1,3,2,2,1,-999,1,-999.00,2,-999,0
588,84,172,"Wang, Lukowski, Hart, Lyons, Thompson, Kovas, Mazzocco, Plomin, & Petrill",2015,-0.330,509,-0.342828254,0.001976285,0.044455422,-999,1,1,3,2,2,1,-999,1,-999.00,2,-999,0
588,84,173,"Wang, Lukowski, Hart, Lyons, Thompson, Kovas, Mazzocco, Plomin, & Petrill",2015,-0.070,506,-0.070114671,0.001988072,0.044587796,-999,1,1,3,2,2,1,-999,1,-999.00,2,1,0
588,84,174,"Wang, Lukowski, Hart, Lyons, Thompson, Kovas, Mazzocco, Plomin, & Petrill",2015,-0.230,505,-0.234189467,0.001992032,0.044632184,-999,1,1,3,2,2,1,-999,1,-999.00,2,-999,0
588,84,175,"Wang, Lukowski, Hart, Lyons, Thompson, Kovas, Mazzocco, Plomin, & Petrill",2015,-0.190,504,-0.192337169,0.001996008,0.044676705,-999,1,1,3,2,2,1,-999,1,-999.00,2,2,0
588,84,176,"Wang, Lukowski, Hart, Lyons, Thompson, Kovas, Mazzocco, Plomin, & Petrill",2015,-0.290,493,-0.298566264,0.002040816,0.045175395,-999,1,1,3,2,2,1,-999,1,-999.00,2,3,0
613,85,177,Thien & Ong,2015,-0.400,5546,-0.423648930,0.000180408,0.013431594,-999,-999,4,4,2,2,-999,5,1,-999.00,2,-999,0
613,86,178,Thien & Ong,2015,-0.220,5197,-0.223656109,0.000192530,0.013875512,-999,-999,4,4,2,2,-999,5,1,-999.00,2,-999,0
626,87,179,"Justicia-Galiano, Pelegrina, Lechuga, Palma, Puga, & LedInez",2016,-0.220,187,-0.223656109,0.005434783,0.073720978,-999,-999,3,5,2,2,-999,1,1,6.00,4,8,0
626,87,180,"Justicia-Galiano, Pelegrina, Lechuga, Palma, Puga, & LedInez",2016,-0.190,187,-0.192337169,0.005434783,0.073720978,-999,-999,3,5,2,2,-999,-999,2,-999.00,4,8,0
628,88,181,"Krinzinger, Kaufmann, & Willmes",2009,-0.160,140,-0.160360592,0.007299270,0.085435766,-999,-999,3,1,2,2,5,-999,1,-999.00,3,3,0
628,88,182,"Krinzinger, Kaufmann, & Willmes",2009,-0.070,140,-0.065091774,0.007299270,0.085435766,-999,-999,3,2,2,2,5,-999,1,-999.00,3,3,0
628,88,183,"Krinzinger, Kaufmann, & Willmes",2009,0.020,140,0.016001366,0.007299270,0.085435766,-999,-999,3,1,2,2,5,-999,1,-999.00,3,3,0
628,88,184,"Krinzinger, Kaufmann, & Willmes",2009,-0.040,140,-0.039019791,0.007299270,0.085435766,-999,-999,3,1,2,2,5,-999,1,-999.00,3,3,0
631,89,185,"Cipora, Szczygiel, Willmes, & Nuerk",2015,-0.300,809,-0.309519604,0.001240695,0.035223498,-999,-999,3,5,2,2,-999,1,1,5.00,4,-999,0
631,89,186,"Cipora, Szczygiel, Willmes, & Nuerk",2015,-0.260,809,-0.266108407,0.001240695,0.035223498,-999,-999,3,5,2,2,-999,1,1,4.00,4,-999,0
631,89,187,"Cipora, Szczygiel, Willmes, & Nuerk",2015,-0.280,809,-0.287682072,0.001240695,0.035223498,-999,-999,3,5,2,2,-999,1,1,5.00,4,-999,0
631,89,188,"Cipora, Szczygiel, Willmes, & Nuerk",2015,-0.360,809,-0.376885901,0.001240695,0.035223498,-999,-999,3,5,2,2,-999,1,1,4.00,4,-999,0
631,89,189,"Cipora, Szczygiel, Willmes, & Nuerk",2015,-0.320,798,-0.331647109,0.001257862,0.035466345,-999,-999,3,5,2,2,-999,1,1,5.00,4,-999,0
631,89,190,"Cipora, Szczygiel, Willmes, & Nuerk",2015,-0.350,798,-0.365443754,0.001257862,0.035466345,-999,-999,3,5,2,2,-999,1,1,4.00,4,-999,0
633,90,191,Buelow & Frakey,2013,-0.280,172,-0.287682072,0.005917160,0.076923077,-999,1,1,5,2,2,-999,1,1,6.00,2,3,0
636,91,192,"Wu, Amin, Barth, Malcarne & Menon",2012,-0.460,162,-0.501123153,0.006289308,0.079305159,-999,-999,1,1,2,2,2,-999,1,-999.00,2,4,0
636,91,193,"Wu, Amin, Barth, Malcarne & Menon",2012,-0.200,162,-0.206902720,0.006289308,0.079305159,-999,-999,1,1,2,2,2,-999,1,-999.00,2,-999,0
636,91,194,"Wu, Amin, Barth, Malcarne & Menon",2012,-0.290,162,-0.298566264,0.006289308,0.079305159,-999,-999,1,1,2,2,2,-999,1,-999.00,2,-999,0
636,91,195,"Wu, Amin, Barth, Malcarne & Menon",2012,-0.380,162,-0.402399273,0.006289308,0.079305159,-999,-999,1,1,2,2,2,-999,1,-999.00,2,4,0
641,92,196,"McMullan, Jones, & Lea",2012,-0.390,228,-0.411800034,0.004444444,0.066666667,-999,-999,3,5,2,2,-999,7,1,-999.00,1,-999,0
641,92,197,"McMullan, Jones, & Lea",2012,-0.520,228,-0.576339755,0.004444444,0.066666667,-999,-999,3,5,2,2,-999,7,1,-999.00,2,-999,0
644,93,198,"Ramirez, Gunderson, Levine, & Beilock",2013,-0.140,162,-0.138886172,0.006289308,0.079305159,-999,-999,1,1,2,2,4,-999,1,-999.00,2,-999,0
652,94,199,"Radisic, Videnovic, & Baucal",2015,-0.280,4405,-0.288767472,0.000227169,0.015072142,-999,-999,3,4,2,2,-999,5,1,-999.00,5,-999,0
652,94,200,"Radisic, Videnovic, & Baucal",2015,-0.310,4405,-0.317229857,0.000227169,0.015072142,-999,-999,3,4,2,2,-999,5,1,-999.00,1,-999,0
652,94,201,"Radisic, Videnovic, & Baucal",2015,-0.340,4405,-0.358622366,0.000227169,0.015072142,-999,-999,3,4,2,2,-999,5,1,-999.00,2,-999,0
662,95,202,Farnsworth,2009,-0.550,93,-0.618381314,0.011111111,0.105409255,-999,1,1,5,2,2,-999,1,1,-999.00,1,-999,1
662,96,203,Farnsworth,2009,-0.560,93,-0.632833187,0.011111111,0.105409255,-999,1,1,5,2,2,-999,1,1,-999.00,1,-999,1
681,97,204,"Morsanyi, Busdraghi, & Primi",2014,-0.220,184,-0.223656109,0.005524862,0.074329415,-999,-999,3,4,2,2,-999,1,1,6.00,4,-999,0
681,97,205,"Morsanyi, Busdraghi, & Primi",2014,-0.170,328,-0.171666664,0.003076923,0.055470020,0,-999,3,5,2,2,-999,1,1,6.00,2,-999,0
690,91,206,"Wu, Wilcutt, Escovar, & Menon",2013,-0.380,366,-0.400059650,0.002754821,0.052486388,-999,-999,1,1,2,2,2,-999,1,-999.00,2,-999,0
702,98,207,Satake & Amato,1995,0.470,42,0.510070337,0.025641026,0.160128154,1,-999,4,3,2,2,1,-999,1,-999.00,4,-999,0
702,98,208,Satake & Amato,1995,-0.030,42,-0.030009005,0.025641026,0.160128154,1,-999,4,3,2,2,1,-999,1,4.00,4,-999,0
702,98,209,Satake & Amato,1995,-0.130,42,-0.130739850,0.025641026,0.160128154,1,-999,4,3,2,2,1,-999,1,-999.00,4,-999,0
702,98,210,Satake & Amato,1995,-0.390,42,-0.411800034,0.025641026,0.160128154,1,-999,4,3,2,2,1,-999,1,-999.00,4,-999,0
702,99,211,Satake & Amato,1995,0.340,40,0.354092529,0.027027027,0.164398987,0,-999,4,3,2,2,1,-999,1,-999.00,4,-999,0
702,99,212,Satake & Amato,1995,-0.390,40,-0.411800034,0.027027027,0.164398987,0,-999,4,3,2,2,1,-999,1,-999.00,4,-999,0
702,99,213,Satake & Amato,1995,-0.430,40,-0.459896681,0.027027027,0.164398987,0,-999,4,3,2,2,1,-999,1,4.00,4,-999,0
702,99,214,Satake & Amato,1995,-0.430,40,-0.459896681,0.027027027,0.164398987,0,-999,4,3,2,2,1,-999,1,-999.00,4,-999,0
702,100,215,Satake & Amato,1995,-0.150,38,-0.151140436,0.028571429,0.169030851,1,-999,4,2,2,2,1,-999,1,-999.00,4,-999,0
702,100,216,Satake & Amato,1995,-0.190,38,-0.192337169,0.028571429,0.169030851,1,-999,4,2,2,2,1,-999,1,4.00,4,-999,0
702,100,217,Satake & Amato,1995,-0.360,38,-0.376885901,0.028571429,0.169030851,1,-999,4,2,2,2,1,-999,1,-999.00,4,-999,0
702,100,218,Satake & Amato,1995,-0.430,38,-0.459896681,0.028571429,0.169030851,1,-999,4,2,2,2,1,-999,1,-999.00,4,-999,0
702,101,219,Satake & Amato,1995,0.300,34,0.309519604,0.032258065,0.179605302,0,-999,4,2,2,2,1,-999,1,4.00,4,-999,0
702,101,220,Satake & Amato,1995,0.140,34,0.140925576,0.032258065,0.179605302,0,-999,4,2,2,2,1,-999,1,-999.00,4,-999,0
702,101,221,Satake & Amato,1995,0.000,34,0.000000000,0.032258065,0.179605302,0,-999,4,2,2,2,1,-999,1,-999.00,4,-999,0
702,101,222,Satake & Amato,1995,-0.390,34,-0.411800034,0.032258065,0.179605302,0,-999,4,2,2,2,1,-999,1,-999.00,4,-999,0
708,102,223,Coates,1998,-0.280,246,-0.289853534,0.004115226,0.064150030,-999,-999,1,5,2,2,-999,1,1,6.00,1,-999,1
714,103,224,Melius,2012,-0.270,84,-0.275785504,0.012345679,0.111111111,-999,2,1,6,2,1,-999,9,1,-999.00,2,-999,1
733,104,225,"Faust, Ashcraft, & Fleck",1996,0.070,108,0.070114671,0.009523810,0.097590007,-999,-999,1,5,2,2,-999,1,1,-999.00,3,3,0
733,104,226,"Faust, Ashcraft, & Fleck",1996,0.010,108,0.012000576,0.009523810,0.097590007,-999,-999,1,5,2,2,-999,1,1,-999.00,3,3,0
733,104,227,"Faust, Ashcraft, & Fleck",1996,0.010,108,0.012000576,0.009523810,0.097590007,-999,-999,1,5,2,2,-999,1,1,-999.00,3,3,0
733,104,228,"Faust, Ashcraft, & Fleck",1996,0.000,108,-0.002000003,0.009523810,0.097590007,-999,-999,1,5,2,2,-999,1,1,-999.00,3,3,0
733,104,229,"Faust, Ashcraft, & Fleck",1996,-0.030,108,-0.030009005,0.009523810,0.097590007,-999,-999,1,5,2,2,-999,1,1,-999.00,3,3,0
733,104,230,"Faust, Ashcraft, & Fleck",1996,-0.150,108,-0.151140436,0.009523810,0.097590007,-999,-999,1,5,2,2,-999,1,1,-999.00,3,3,0
733,104,231,"Faust, Ashcraft, & Fleck",1996,-0.200,108,-0.202732554,0.009523810,0.097590007,-999,-999,1,5,2,2,-999,1,1,-999.00,3,3,0
738,105,232,"Rayner, Pitsolantis, & Osana",2009,-0.480,32,-0.522984278,0.034482759,0.185695338,-999,-999,1,5,2,1,-999,1,1,-999.00,2,5,0
738,105,233,"Rayner, Pitsolantis, & Osana",2009,-0.180,32,-0.181982689,0.034482759,0.185695338,-999,-999,1,5,2,1,-999,1,1,-999.00,3,5,0
738,105,234,"Rayner, Pitsolantis, & Osana",2009,-0.320,32,-0.331647109,0.034482759,0.185695338,-999,-999,1,5,2,1,-999,1,1,-999.00,3,5,0
738,105,235,"Rayner, Pitsolantis, & Osana",2009,-0.490,32,-0.536060337,0.034482759,0.185695338,-999,-999,1,5,2,1,-999,1,1,-999.00,2,5,0
743,106,236,"Harari, Vukovic, & Bailey",2013,-0.150,106,-0.151140436,0.009708738,0.098532928,-999,2,1,1,2,2,3,-999,1,-999.00,2,-999,0
743,106,237,"Harari, Vukovic, & Bailey",2013,-0.280,106,-0.287682072,0.009708738,0.098532928,-999,2,1,1,2,2,3,-999,1,-999.00,2,2,0
743,106,238,"Harari, Vukovic, & Bailey",2013,-0.300,106,-0.309519604,0.009708738,0.098532928,-999,2,1,1,2,2,3,-999,1,-999.00,2,3,0
743,106,239,"Harari, Vukovic, & Bailey",2013,-0.350,106,-0.365443754,0.009708738,0.098532928,-999,2,1,1,2,2,3,-999,1,-999.00,2,-999,0
745,107,240,"Vukovic, Kieffer, Bailey, & Harari",2013,-0.280,113,-0.287682072,0.009090909,0.095346259,-999,2,1,2,2,2,3,-999,1,-999.00,2,3,0
745,107,241,"Vukovic, Kieffer, Bailey, & Harari",2013,-0.320,113,-0.331647109,0.009090909,0.095346259,-999,2,1,2,2,2,3,-999,1,-999.00,2,-999,0
745,107,242,"Vukovic, Kieffer, Bailey, & Harari",2013,-0.120,113,-0.120581028,0.009090909,0.095346259,-999,2,1,1,2,2,3,-999,1,-999.00,2,6,0
745,107,243,"Vukovic, Kieffer, Bailey, & Harari",2013,-0.220,113,-0.223656109,0.009090909,0.095346259,-999,2,1,1,2,2,3,-999,1,-999.00,2,-999,0
745,107,244,"Vukovic, Kieffer, Bailey, & Harari",2013,-0.320,113,-0.331647109,0.009090909,0.095346259,-999,2,1,1,2,2,3,-999,1,-999.00,2,3,0
745,107,245,"Vukovic, Kieffer, Bailey, & Harari",2013,-0.360,113,-0.376885901,0.009090909,0.095346259,-999,2,1,1,2,2,3,-999,1,-999.00,2,-999,0
745,107,246,"Vukovic, Kieffer, Bailey, & Harari",2013,-0.110,113,-0.110446916,0.009090909,0.095346259,-999,2,1,2,2,2,3,-999,1,-999.00,2,6,0
751,108,247,Karimi & Venkatesan,2009,-0.490,424,-0.536060337,0.002375297,0.048737018,-999,-999,4,4,2,2,-999,1,1,-999.00,3,-999,0
751,108,248,Karimi & Venkatesan,2009,-0.550,424,-0.618381314,0.002375297,0.048737018,-999,-999,4,4,2,2,-999,1,1,4.00,3,-999,0
754,109,249,Lawson,1993,-0.160,112,-0.161386696,0.009174312,0.095782629,-999,2,1,5,1,2,-999,7,1,-999.00,1,-999,1
754,109,250,Lawson,1993,-0.170,112,-0.171666664,0.009174312,0.095782629,-999,2,1,5,1,2,-999,7,1,-999.00,2,7,1
757,110,251,Bisse,1995,-0.070,15,-0.066096083,0.083333333,0.288675135,-999,-999,1,5,2,2,-999,10,1,4.00,3,-999,1
757,110,252,Bisse,1995,0.010,15,0.014000915,0.083333333,0.288675135,-999,-999,1,5,2,2,-999,10,1,4.00,3,-999,1
757,110,253,Bisse,1995,-0.090,15,-0.088228219,0.083333333,0.288675135,-999,-999,1,5,2,2,-999,10,1,4.00,4,7,1
757,110,254,Bisse,1995,-0.170,15,-0.173726908,0.083333333,0.288675135,-999,-999,1,5,2,2,-999,10,1,4.00,4,7,1
774,111,255,Bisse,1995,-0.510,350,-0.562729769,0.002881844,0.053682813,-999,-999,1,5,2,2,-999,7,1,-999.00,2,-999,1
785,112,256,"Hill, Mammarella,Devine, Caviola, Passolunghi, & Szucs",2016,-0.340,148,-0.354092529,0.006896552,0.083045480,0,-999,3,3,2,2,-999,1,1,6.00,2,3,0
785,113,257,"Hill, Mammarella,Devine, Caviola, Passolunghi, & Szucs",2016,-0.280,194,-0.287682072,0.005235602,0.072357461,1,-999,3,3,2,2,-999,1,1,6.00,2,3,0
785,114,258,"Hill, Mammarella,Devine, Caviola, Passolunghi, & Szucs",2016,-0.070,317,-0.070114671,0.003184713,0.056433265,1,-999,3,2,2,2,-999,1,1,6.00,2,3,0
785,115,259,"Hill, Mammarella,Devine, Caviola, Passolunghi, & Szucs",2016,-0.130,322,-0.130739850,0.003134796,0.055989251,0,-999,3,2,2,2,-999,1,1,6.00,2,3,0
793,116,260,Prieto & Delgado,2007,-0.240,411,-0.244774113,0.002450980,0.049507377,-999,-999,3,3,2,2,-999,10,1,-999.00,3,-999,0
793,117,261,Prieto & Delgado,2007,-0.290,216,-0.298566264,0.004694836,0.068518871,-999,-999,3,4,2,2,-999,10,1,-999.00,3,-999,0
799,118,262,"Chiesi, Primi, & Carmona",2011,-0.190,410,-0.192337169,0.002457002,0.049568160,-999,-999,3,5,2,2,-999,-999,2,-999.00,2,-999,0
803,119,263,"Casey, Nuttall, & Pezaris",1997,-0.100,94,-0.100335348,0.010989011,0.104828484,-999,1,1,4,2,2,-999,8,1,3.00,1,-999,0
803,119,264,"Casey, Nuttall, & Pezaris",1997,-0.200,94,-0.202732554,0.010989011,0.104828484,-999,1,1,4,2,2,-999,8,1,3.00,4,6,0
811,120,265,Scott,2003,0.000,91,0.000000000,0.011363636,0.106600358,-999,2,1,5,2,2,-999,1,1,6.00,5,8,1
811,120,266,Scott,2003,-0.010,91,-0.010000333,0.011363636,0.106600358,-999,2,1,5,2,2,-999,1,1,6.00,5,8,1
811,120,267,Scott,2003,-0.220,91,-0.223656109,0.011363636,0.106600358,-999,2,1,5,2,2,-999,1,1,6.00,5,8,1
812,121,268,Nasser & Birenbaum,2005,-0.370,283,-0.388423100,0.003571429,0.059761430,-999,-999,4,3,2,2,-999,10,1,-999.00,1,-999,0
812,122,269,Nasser & Birenbaum,2005,-0.170,195,-0.171666664,0.005208333,0.072168784,-999,-999,4,3,2,2,-999,10,1,-999.00,1,-999,0
821,123,270,Helming,2013,-0.160,323,-0.162413138,0.003125000,0.055901699,-999,1,1,5,2,2,-999,10,1,-999.00,1,-999,1
821,123,271,Helming,2013,-0.180,323,-0.180949396,0.003125000,0.055901699,-999,1,1,5,2,2,-999,10,1,-999.00,1,-999,1
821,123,272,Helming,2013,-0.300,323,-0.305129760,0.003125000,0.055901699,-999,1,1,5,2,2,-999,10,1,4.00,1,-999,1
821,124,273,Helming,2013,-0.120,213,-0.122610746,0.004761905,0.069006556,-999,1,1,5,2,2,-999,10,1,-999.00,1,-999,1
821,124,274,Helming,2013,-0.210,213,-0.207946366,0.004761905,0.069006556,-999,1,1,5,2,2,-999,10,1,-999.00,1,-999,1
821,124,275,Helming,2013,-0.230,213,-0.229970121,0.004761905,0.069006556,-999,1,1,5,2,2,-999,10,1,4.00,1,-999,1
821,125,276,Helming,2013,-0.040,138,-0.038018307,0.007407407,0.086066297,-999,1,1,5,1,2,-999,10,1,-999.00,1,-999,1
821,125,277,Helming,2013,-0.040,138,-0.042024722,0.007407407,0.086066297,-999,1,1,5,1,2,-999,10,1,-999.00,1,-999,1
821,125,278,Helming,2013,-0.110,138,-0.113484684,0.007407407,0.086066297,-999,1,1,5,1,2,-999,10,1,4.00,1,-999,1
823,126,279,"Ironsmith, Marva, Harju, & Eppler",2003,-0.400,105,-0.418896043,0.009803922,0.099014754,-999,-999,1,5,2,2,-999,3,1,-999.00,5,-999,0
823,126,280,"Ironsmith, Marva, Harju, & Eppler",2003,-0.420,117,-0.450122871,0.008771930,0.093658581,-999,-999,1,5,2,2,-999,3,1,-999.00,4,-999,0
823,126,281,"Ironsmith, Marva, Harju, & Eppler",2003,-0.210,102,-0.210035000,0.010101010,0.100503782,-999,-999,1,5,2,2,-999,3,1,-999.00,1,-999,0
823,127,282,"Ironsmith, Marva, Harju, & Eppler",2003,-0.160,101,-0.165494508,0.010204082,0.101015254,-999,-999,1,5,2,2,-999,3,1,-999.00,1,-999,0
825,128,283,Park,2014,-0.220,229,-0.219456521,0.004424779,0.066519011,0,-999,1,1,2,2,4,-999,1,-999.00,2,-999,1
825,128,284,Park,2014,-0.210,229,-0.211079993,0.004424779,0.066519011,0,-999,1,1,2,2,4,-999,1,-999.00,2,-999,1
825,128,285,Park,2014,-0.420,229,-0.451340166,0.004424779,0.066519011,0,-999,1,1,2,2,4,-999,1,-999.00,2,-999,1
825,128,286,Park,2014,-0.450,229,-0.485954906,0.004424779,0.066519011,0,-999,1,1,2,2,4,-999,1,-999.00,2,-999,1
825,129,287,Park,2014,-0.390,193,-0.415343091,0.005263158,0.072547625,1,-999,1,1,2,2,4,-999,1,-999.00,2,-999,1
825,129,288,Park,2014,-0.400,193,-0.417710618,0.005263158,0.072547625,1,-999,1,1,2,2,4,-999,1,-999.00,2,-999,1
825,129,289,Park,2014,-0.410,193,-0.438017735,0.005263158,0.072547625,1,-999,1,1,2,2,4,-999,1,-999.00,2,-999,1
825,129,290,Park,2014,-0.460,193,-0.496043635,0.005263158,0.072547625,1,-999,1,1,2,2,4,-999,1,-999.00,2,-999,1
829,130,291,"Lukowski, DiTrapani, Jeon, Wang, Schenker, Doran, & Petrill",2016,-0.070,244,-0.070114671,0.004149378,0.064415663,-999,-999,1,3,2,2,1,-999,1,4.00,2,-999,0
829,130,292,"Lukowski, DiTrapani, Jeon, Wang, Schenker, Doran, & Petrill",2016,-0.090,244,-0.090244188,0.004149378,0.064415663,-999,-999,1,3,2,2,1,-999,1,4.00,2,-999,0
829,130,293,"Lukowski, DiTrapani, Jeon, Wang, Schenker, Doran, & Petrill",2016,-0.160,244,-0.161386696,0.004149378,0.064415663,-999,-999,1,3,2,2,1,-999,1,5.00,2,-999,0
829,130,294,"Lukowski, DiTrapani, Jeon, Wang, Schenker, Doran, & Petrill",2016,-0.210,244,-0.213171347,0.004149378,0.064415663,-999,-999,1,3,2,2,1,-999,1,5.00,2,-999,0
829,130,295,"Lukowski, DiTrapani, Jeon, Wang, Schenker, Doran, & Petrill",2016,-0.260,244,-0.266108407,0.004149378,0.064415663,-999,-999,1,3,2,2,1,-999,1,-999.00,2,-999,0
829,130,296,"Lukowski, DiTrapani, Jeon, Wang, Schenker, Doran, & Petrill",2016,-0.290,244,-0.298566264,0.004149378,0.064415663,-999,-999,1,3,2,2,1,-999,1,-999.00,2,-999,0
843,131,297,Cortina,1995,-0.170,165,-0.171666664,0.006172840,0.078567420,-999,-999,1,5,2,2,-999,8,1,3.00,3,8,1
843,131,298,Cortina,1995,-0.210,165,-0.213171347,0.006172840,0.078567420,-999,-999,1,5,2,2,-999,8,1,3.00,3,8,1
843,131,299,Cortina,1995,-0.220,165,-0.223656109,0.006172840,0.078567420,-999,-999,1,5,2,2,-999,8,1,3.00,3,8,1
845,79,300,"Ramirez, Chang, Levine, & Beilock",2016,-0.280,564,-0.288767472,0.001782531,0.042220033,-999,-999,1,1,2,2,4,-999,1,-999.00,2,-999,0
858,132,301,"Casad, Hale, & Wachs",2015,-0.390,713,-0.405916575,0.001408451,0.037529331,0,2,1,3,2,2,-999,10,1,-999.00,4,-999,0
858,133,302,"Casad, Hale, & Wachs",2015,-0.370,683,-0.389582211,0.001470588,0.038348249,-999,2,1,3,2,2,-999,10,1,-999.00,4,-999,0
858,134,303,"Casad, Hale, & Wachs",2015,-0.370,629,-0.390742321,0.001597444,0.039968038,1,2,1,3,2,2,-999,10,1,-999.00,4,-999,0
862,135,304,Bangert,1995,-0.470,34,-0.510070337,0.032258065,0.179605302,-999,-999,1,5,2,2,-999,1,1,6.00,2,-999,1
876,136,305,Parks,2009,0.290,15,0.302939119,0.083333333,0.288675135,-999,-999,1,3,2,2,-999,1,1,6.00,2,-999,1
876,137,306,Parks,2009,0.100,15,0.096296554,0.083333333,0.288675135,-999,-999,1,3,2,2,-999,1,1,6.00,2,-999,1
876,138,307,Parks,2009,-0.010,15,-0.013000732,0.083333333,0.288675135,-999,-999,1,3,2,1,-999,1,1,6.00,2,-999,1
876,138,308,Parks,2009,-0.040,15,-0.037016898,0.083333333,0.288675135,-999,-999,1,3,2,1,-999,1,1,6.00,2,-999,1
876,137,309,Parks,2009,-0.100,15,-0.102355961,0.083333333,0.288675135,-999,-999,1,3,2,2,-999,1,1,6.00,2,-999,1
876,136,310,Parks,2009,-0.270,15,-0.275785504,0.083333333,0.288675135,-999,-999,1,3,2,2,-999,1,1,6.00,2,-999,1
876,138,311,Parks,2009,-0.290,15,-0.299658432,0.083333333,0.288675135,-999,-999,1,3,2,1,-999,1,1,6.00,2,-999,1
876,137,312,Parks,2009,-0.350,15,-0.362029024,0.083333333,0.288675135,-999,-999,1,3,2,2,-999,1,1,6.00,2,-999,1
876,136,313,Parks,2009,-0.360,15,-0.380336888,0.083333333,0.288675135,-999,-999,1,3,2,2,-999,1,1,6.00,2,-999,1
876,138,314,Parks,2009,-0.380,15,-0.403570654,0.083333333,0.288675135,-999,-999,1,3,2,1,-999,1,1,6.00,2,-999,1
876,136,315,Parks,2009,-0.570,15,-0.653468041,0.083333333,0.288675135,-999,-999,1,3,2,2,-999,1,1,6.00,2,-999,1
876,137,316,Parks,2009,-0.220,14,-0.218407819,0.090909091,0.301511345,-999,-999,1,3,2,2,-999,1,1,6.00,2,-999,1
878,139,317,"Morony, Kleiman, Lee, & Stankov",2013,-0.270,7167,-0.276863823,0.000139587,0.011814687,-999,-999,-999,4,2,2,-999,5,1,-999.00,3,-999,0
882,140,318,Lester,2007,-0.160,71,-0.161386696,0.014705882,0.121267813,-999,-999,1,5,2,2,-999,1,1,6.00,4,8,0
883,141,319,Gorvine & Smith,2015,-0.190,173,-0.194412895,0.005882353,0.076696499,-999,-999,1,5,2,2,-999,10,1,-999.00,4,8,0
886,142,320,Lester,2016,0.020,93,0.020002667,0.011111111,0.105409255,-999,-999,1,5,2,2,-999,-999,2,6.00,5,8,0
886,142,321,Lester,2016,0.010,93,0.010000333,0.011111111,0.105409255,-999,-999,1,5,2,2,-999,-999,2,-999.00,5,8,0
886,142,322,Lester,2016,0.010,93,0.010000333,0.011111111,0.105409255,-999,-999,1,5,2,2,-999,-999,2,-999.00,5,8,0
889,143,323,"Thompson, Wylie, Mulhern, & Hanna",2015,-0.530,118,-0.590145160,0.008695652,0.093250481,-999,-999,3,5,2,2,-999,3,1,-999.00,3,-999,0
889,144,324,"Thompson, Wylie, Mulhern, & Hanna",2015,-0.530,131,-0.590145160,0.007812500,0.088388348,-999,-999,3,5,2,2,-999,3,1,-999.00,3,-999,0
889,145,325,"Thompson, Wylie, Mulhern, & Hanna",2015,-0.460,76,-0.497311288,0.013698630,0.117041147,-999,-999,3,5,2,2,-999,3,1,-999.00,3,-999,0
890,146,326,"Pletzer, Wood, Moeller, Nuerk & Kerschbaum",2010,-0.150,67,-0.151140436,0.015625000,0.125000000,-999,-999,3,5,2,2,-999,1,1,-999.00,5,8,0
890,146,327,"Pletzer, Wood, Moeller, Nuerk & Kerschbaum",2010,0.300,67,0.309519604,0.015625000,0.125000000,-999,-999,3,5,2,2,-999,1,1,-999.00,5,8,0
890,147,328,"Pletzer, Wood, Moeller, Nuerk & Kerschbaum",2010,-0.230,45,-0.234189467,0.023809524,0.154303350,-999,-999,3,5,2,2,-999,1,1,-999.00,5,8,0
890,147,329,"Pletzer, Wood, Moeller, Nuerk & Kerschbaum",2010,-0.130,45,-0.130739850,0.023809524,0.154303350,-999,-999,3,5,2,2,-999,1,1,-999.00,5,8,0
892,148,330,"Hadfield, Littleton, Steiner, & Woods",1998,-0.440,48,-0.472230804,0.022222222,0.149071198,-999,-999,-999,5,2,1,-999,1,1,6.00,3,-999,0
901,149,331,Kyttala & Bjorn,2010,-0.190,116,-0.192337169,0.008849558,0.094072087,-999,-999,3,3,2,2,-999,8,1,1.00,2,-999,0
901,149,332,Kyttala & Bjorn,2010,-0.230,116,-0.234189467,0.008849558,0.094072087,-999,-999,3,3,2,2,-999,8,1,1.00,2,-999,0
931,150,333,"Jamieson, Peters, Greenwood & Altose",2016,-0.380,93,-0.400059650,0.011111111,0.105409255,-999,2,1,5,2,2,-999,1,1,5.00,5,-999,0
931,150,334,"Jamieson, Peters, Greenwood & Altose",2016,-0.340,93,-0.358622366,0.011111111,0.105409255,-999,2,1,5,2,2,-999,1,1,4.00,5,-999,0
954,151,335,Watts,2011,-0.120,66,-0.124641470,0.015873016,0.125988158,1,2,1,5,2,2,-999,1,1,-999.00,1,-999,1
954,152,336,Watts,2011,-0.330,41,-0.347323778,0.026315789,0.162221421,0,2,1,5,2,2,-999,1,1,-999.00,1,-999,1
973,153,337,Donelle,2007,-0.110,140,-0.110446916,0.007299270,0.085435766,-999,-999,1,6,2,2,-999,1,1,6.00,2,-999,1
973,153,338,Donelle,2007,-0.270,140,-0.275785504,0.007299270,0.085435766,-999,-999,1,6,2,2,-999,1,1,6.00,2,-999,1
973,153,339,Donelle,2007,-0.380,140,-0.398891398,0.007299270,0.085435766,-999,-999,1,6,2,2,-999,1,1,6.00,2,-999,1
975,154,340,Pajares & Kranzler,1995,-0.460,329,-0.497311288,0.003067485,0.055384878,-999,1,1,4,2,2,-999,7,1,-999.00,3,-999,0
979,155,341,Lloyd & Robertson,2012,-0.200,29,-0.200650085,0.038461538,0.196116135,-999,-999,1,5,2,2,-999,7,1,-999.00,4,8,0
985,156,342,"Townsend, Moore, Tuck, & Wilton",1998,-0.060,88,-0.060072156,0.011764706,0.108465229,-999,-999,6,5,2,2,-999,7,1,-999.00,4,8,0
985,156,343,"Townsend, Moore, Tuck, & Wilton",1998,-0.080,88,-0.080171325,0.011764706,0.108465229,-999,-999,6,5,2,2,-999,7,1,-999.00,4,8,0
988,157,344,"Luo, Hogan, Tan, Kaur, Ng, & Chan",2014,-0.080,1196,-0.080171325,0.000838223,0.028952081,-999,-999,4,4,2,2,-999,5,1,-999.00,1,-999,0
988,157,345,"Luo, Hogan, Tan, Kaur, Ng, & Chan",2014,-0.290,1196,-0.298566264,0.000838223,0.028952081,-999,-999,4,4,2,2,-999,5,1,-999.00,3,-999,0
991,158,346,Pajares,1996,-0.590,231,-0.677666068,0.004385965,0.066226618,-999,-999,1,3,2,2,-999,7,1,-999.00,4,7,0
991,158,347,Pajares,1996,-0.420,231,-0.447692024,0.004385965,0.066226618,-999,-999,1,3,2,2,-999,7,1,-999.00,5,7,0
991,159,348,Pajares,1996,-0.400,66,-0.423648930,0.015873016,0.125988158,-999,-999,1,3,2,2,-999,7,1,-999.00,5,7,0
991,159,349,Pajares,1996,-0.540,66,-0.604155603,0.015873016,0.125988158,-999,-999,1,3,2,2,-999,7,1,-999.00,4,7,0
992,160,350,Finney & Schraw,2003,-0.270,103,-0.277942770,0.010000000,0.100000000,-999,-999,1,5,2,2,-999,-999,2,3.00,3,-999,0
992,160,351,Finney & Schraw,2003,-0.470,103,-0.508787577,0.010000000,0.100000000,-999,-999,1,5,2,2,-999,-999,2,3.00,4,8,0
994,161,352,Pajares & Graham,1999,-0.320,273,-0.331647109,0.003703704,0.060858062,-999,2,1,3,2,2,-999,7,1,-999.00,3,-999,0
994,161,353,Pajares & Graham,1999,-0.350,273,-0.365443754,0.003703704,0.060858062,-999,2,1,3,2,2,-999,7,1,-999.00,2,-999,0
994,161,354,Pajares & Graham,1999,-0.400,273,-0.423648930,0.003703704,0.060858062,-999,2,1,3,2,2,-999,7,1,-999.00,3,-999,0
994,161,355,Pajares & Graham,1999,-0.410,273,-0.435611223,0.003703704,0.060858062,-999,2,1,3,2,2,-999,7,1,-999.00,2,-999,0
995,162,356,Skaalvik,2002,-0.270,295,-0.276863823,0.003424658,0.058520574,-999,-999,3,3,2,2,-999,10,1,1.00,5,-999,0
996,163,357,Vidovic,1999,-0.380,175,-0.400059650,0.005813953,0.076249285,-999,-999,3,3,2,2,6,-999,1,-999.00,4,-999,0
999,164,358,Otts,2010,-0.220,117,-0.221555354,0.008771930,0.093658581,-999,2,1,5,2,2,-999,3,1,-999.00,4,-999,1
1004,165,359,Ganley & Vasilyeva,2011,-0.370,67,-0.393065551,0.015625000,0.125000000,0,1,1,3,2,2,-999,3,1,-999.00,1,-999,0
1004,166,360,Ganley & Vasilyeva,2011,-0.410,47,-0.432010329,0.022727273,0.150755672,1,1,1,3,2,2,-999,3,1,-999.00,1,-999,0
1004,166,361,Ganley & Vasilyeva,2011,-0.380,47,-0.398891398,0.022727273,0.150755672,1,1,1,3,2,2,-999,3,1,-999.00,4,-999,0
1004,165,362,Ganley & Vasilyeva,2011,-0.480,67,-0.524284466,0.015625000,0.125000000,0,1,1,3,2,2,-999,3,1,-999.00,4,-999,0
1041,167,363,"Macher, Paechter, Papousek, Ruggeri, Freudenthaler, & Arendasy",2013,-0.040,284,-0.040021354,0.003558719,0.059654999,-999,-999,3,5,2,2,-999,-999,2,-999.00,5,8,0
1044,168,364,"Macher, Paechter, Papousek, & Ruggeri",2011,-0.210,147,-0.214217711,0.006944444,0.083333333,-999,-999,3,5,2,2,-999,-999,2,-999.00,5,8,0
1050,169,365,Lalonde & Gardner,1993,-0.180,91,-0.181982689,0.011363636,0.106600358,-999,-999,1,5,2,2,-999,10,1,-999.00,5,8,0
1050,169,366,Lalonde & Gardner,1993,-0.400,64,-0.423648930,0.016393443,0.128036880,-999,-999,1,5,2,2,-999,10,1,-999.00,5,8,0
1050,169,367,Lalonde & Gardner,1993,-0.400,64,-0.423648930,0.016393443,0.128036880,-999,-999,1,5,2,2,-999,10,1,-999.00,4,8,0
1050,169,368,Lalonde & Gardner,1993,-0.140,64,-0.140925576,0.016393443,0.128036880,-999,-999,1,5,2,2,-999,10,1,-999.00,4,8,0
1050,169,369,Lalonde & Gardner,1993,-0.160,64,-0.161386696,0.016393443,0.128036880,-999,-999,1,5,2,2,-999,10,1,-999.00,5,8,0
1050,169,370,Lalonde & Gardner,1993,-0.400,64,-0.423648930,0.016393443,0.128036880,-999,-999,1,5,2,2,-999,10,1,-999.00,5,8,0
1050,169,371,Lalonde & Gardner,1993,-0.480,64,-0.522984278,0.016393443,0.128036880,-999,-999,1,5,2,2,-999,-999,2,-999.00,4,8,0
1050,169,372,Lalonde & Gardner,1993,-0.490,91,-0.536060337,0.011363636,0.106600358,-999,-999,1,5,2,2,-999,-999,2,-999.00,5,8,0
1050,169,373,Lalonde & Gardner,1993,-0.450,64,-0.484700279,0.016393443,0.128036880,-999,-999,1,5,2,2,-999,-999,2,-999.00,5,8,0
1061,170,374,Nasser,2004,-0.110,162,-0.110446916,0.006289308,0.079305159,-999,-999,4,5,2,1,-999,-999,2,-999.00,3,-999,0
1061,170,375,Nasser,2004,0.090,162,0.090244188,0.006289308,0.079305159,-999,-999,4,5,2,1,-999,-999,2,-999.00,5,8,0
1061,170,376,Nasser,2004,0.060,162,0.060072156,0.006289308,0.079305159,-999,-999,4,5,2,1,-999,-999,2,-999.00,3,-999,0
1061,170,377,Nasser,2004,0.040,162,0.040021354,0.006289308,0.079305159,-999,-999,4,5,2,1,-999,-999,2,-999.00,5,8,0
1061,170,378,Nasser,2004,-0.070,162,-0.070114671,0.006289308,0.079305159,-999,-999,4,5,2,1,-999,-999,2,6.00,5,8,0
1061,170,379,Nasser,2004,-0.080,162,-0.080171325,0.006289308,0.079305159,-999,-999,4,5,2,1,-999,-999,2,6.00,3,-999,0
1061,170,380,Nasser,2004,-0.100,162,-0.100335348,0.006289308,0.079305159,-999,-999,4,5,2,1,-999,-999,2,6.00,5,8,0
1061,170,381,Nasser,2004,-0.120,162,-0.120581028,0.006289308,0.079305159,-999,-999,4,5,2,1,-999,-999,2,-999.00,5,8,0
1061,170,382,Nasser,2004,-0.300,162,-0.309519604,0.006289308,0.079305159,-999,-999,4,5,2,1,-999,1,1,-999.00,3,-999,0
1061,170,383,Nasser,2004,0.160,162,0.161386696,0.006289308,0.079305159,-999,-999,4,5,2,1,-999,1,1,-999.00,5,8,0
1061,170,384,Nasser,2004,-0.200,162,-0.202732554,0.006289308,0.079305159,-999,-999,4,5,2,1,-999,1,1,-999.00,5,8,0
1061,170,385,Nasser,2004,-0.250,162,-0.255412812,0.006289308,0.079305159,-999,-999,4,5,2,1,-999,1,1,5.00,5,8,0
1061,170,386,Nasser,2004,-0.280,162,-0.287682072,0.006289308,0.079305159,-999,-999,4,5,2,1,-999,1,1,5.00,5,8,0
1061,170,387,Nasser,2004,-0.340,162,-0.354092529,0.006289308,0.079305159,-999,-999,4,5,2,1,-999,1,1,5.00,3,-999,0
1061,170,388,Nasser,2004,-0.160,162,-0.161386696,0.006289308,0.079305159,-999,-999,4,5,2,1,-999,1,1,4.00,3,-999,0
1061,170,389,Nasser,2004,-0.130,162,-0.130739850,0.006289308,0.079305159,-999,-999,4,5,2,1,-999,1,1,4.00,5,8,0
1061,170,390,Nasser,2004,-0.140,162,-0.140925576,0.006289308,0.079305159,-999,-999,4,5,2,1,-999,1,1,4.00,5,8,0
1068,171,391,Federici & Skaalvik,2014,-0.300,309,-0.311718860,0.003267974,0.057166195,-999,-999,3,4,2,2,-999,10,1,2.00,4,-999,0
1094,172,392,Tubbs,2014,0.000,19,-0.003000009,0.062500000,0.250000000,-999,-999,1,3,2,2,1,-999,1,-999.00,3,7,1
1094,172,393,Tubbs,2014,-0.330,19,-0.338346030,0.062500000,0.250000000,-999,-999,1,3,2,2,1,-999,1,-999.00,3,7,1
1102,173,394,Catapano,2013,-0.200,84,-0.206902720,0.012345679,0.111111111,-999,1,1,4,2,2,-999,5,1,-999.00,1,7,1
1105,174,395,"Schnell, Tibubos, Rohrmann, & Hodapp",2013,-0.060,79,-0.060072156,0.013157895,0.114707867,-999,-999,3,3,2,2,5,-999,1,-999.00,4,-999,0
1132,175,396,Ramirez,2013,-0.570,60,-0.646042831,0.017543860,0.132453236,-999,-999,1,6,2,2,-999,1,1,-999.00,2,-999,1
1143,176,397,Ganley & McGraw,2016,-0.140,281,-0.140925576,0.003597122,0.059976014,-999,2,1,1,2,2,3,-999,1,2.00,3,-999,0
1143,176,398,Ganley & McGraw,2016,-0.060,281,-0.060072156,0.003597122,0.059976014,-999,2,1,1,2,2,3,-999,1,-999.00,3,-999,0
1143,176,399,Ganley & McGraw,2016,-0.080,281,-0.080171325,0.003597122,0.059976014,-999,2,1,1,2,2,3,-999,1,-999.00,3,-999,0
1143,176,400,Ganley & McGraw,2016,-0.190,281,-0.192337169,0.003597122,0.059976014,-999,2,1,1,2,2,3,-999,1,2.00,3,-999,0
1143,176,401,Ganley & McGraw,2016,-0.130,281,-0.130739850,0.003597122,0.059976014,-999,2,1,1,2,2,3,-999,1,1.00,3,-999,0
1143,176,402,Ganley & McGraw,2016,-0.200,281,-0.202732554,0.003597122,0.059976014,-999,2,1,1,2,2,3,-999,1,1.00,3,-999,0
1146,177,403,Jameson,2013,-0.190,438,-0.192337169,0.002298851,0.047946330,-999,1,1,2,2,2,6,-999,1,-999.00,2,3,0
1149,178,404,Imbo & Vandierendonck,2007,-0.190,63,-0.192337169,0.016666667,0.129099445,-999,-999,3,2,2,2,-999,10,1,-999.00,2,3,0
1158,179,405,Harding,2015,-0.230,58,-0.238417017,0.018181818,0.134839972,-999,1,1,5,2,2,-999,1,1,-999.00,2,8,1
1158,179,406,Harding,2015,-0.310,58,-0.318334288,0.018181818,0.134839972,-999,1,1,5,2,2,-999,1,1,-999.00,2,8,1
1158,179,407,Harding,2015,-0.180,57,-0.183016366,0.018518519,0.136082763,-999,1,1,5,2,2,-999,1,1,-999.00,2,8,1
1158,179,408,Harding,2015,-0.300,57,-0.309519604,0.018518519,0.136082763,-999,1,1,5,2,2,-999,1,1,-999.00,2,8,1
1158,180,409,Harding,2015,-0.340,55,-0.354092529,0.019230769,0.138675049,-999,1,1,5,2,2,-999,1,1,-999.00,2,8,1
1161,181,410,Fannin-Carroll,2014,0.010,185,0.005000042,0.005494505,0.074124932,-999,2,1,5,2,2,-999,1,1,6.00,4,-999,1
1165,182,411,Hanna & Dempster,2009,-0.540,52,-0.601336629,0.020408163,0.142857143,-999,-999,3,5,2,2,-999,-999,2,-999.00,5,8,0
1165,182,412,Hanna & Dempster,2009,-0.410,52,-0.439222781,0.020408163,0.142857143,-999,-999,3,5,2,2,-999,-999,2,-999.00,5,8,0
1165,182,413,Hanna & Dempster,2009,-0.530,52,-0.583217443,0.020408163,0.142857143,-999,-999,3,5,2,2,-999,-999,2,4.00,5,8,0
1167,183,414,Kimber,2009,-0.230,304,-0.237359351,0.003322259,0.057639042,-999,1,1,5,2,1,-999,1,1,6.00,3,-999,1
1167,184,415,Kimber,2009,-0.300,29,-0.312819583,0.038461538,0.196116135,-999,1,1,5,2,2,-999,1,1,6.00,3,-999,1
1168,185,416,Schoeck,1994,0.040,80,0.040021354,0.012987013,0.113960576,-999,-999,1,4,2,2,-999,4,1,-999.00,3,3,1
1190,186,417,Scott,2014,0.050,50,0.053049709,0.021276596,0.145864991,-999,2,1,3,2,2,-999,8,1,3.00,3,7,1
1190,186,418,Scott,2014,-0.030,50,-0.031009936,0.021276596,0.145864991,-999,2,1,3,2,2,-999,8,1,3.00,3,7,1
1191,187,419,Zakaria & Nordin,2007,-0.320,88,-0.331647109,0.011764706,0.108465229,-999,-999,4,5,2,2,-999,3,1,-999.00,3,-999,0
1233,188,420,"Jansen, Louwerse, Straatemeier, Van der Ven, Klinkenberg, & Van der Maas",2013,-0.180,56,-0.183016366,0.018867925,0.137360564,-999,-999,3,2,2,2,6,-999,1,-999.00,2,3,0
1233,188,421,"Jansen, Louwerse, Straatemeier, Van der Ven, Klinkenberg, & Van der Maas",2013,-0.240,56,-0.245835504,0.018867925,0.137360564,-999,-999,3,2,2,2,6,-999,1,-999.00,2,3,0
1233,188,422,"Jansen, Louwerse, Straatemeier, Van der Ven, Klinkenberg, & Van der Maas",2013,-0.190,56,-0.196490276,0.018867925,0.137360564,-999,-999,3,2,2,2,6,-999,1,-999.00,2,3,0
1233,188,423,"Jansen, Louwerse, Straatemeier, Van der Ven, Klinkenberg, & Van der Maas",2013,-0.250,56,-0.254346429,0.018867925,0.137360564,-999,-999,3,2,2,2,6,-999,1,-999.00,2,3,0
1241,189,424,Seng,2015,0.430,140,0.458670484,0.007299270,0.085435766,-999,-999,4,4,2,2,-999,1,1,-999.00,3,-999,0
1248,190,425,Iossi,2009,-0.250,172,-0.258615385,0.005917160,0.076923077,-999,-999,1,5,2,2,-999,1,1,6.00,5,7,1
1248,190,426,Iossi,2009,-0.200,260,-0.205859519,0.003891051,0.062378286,-999,-999,1,5,2,2,-999,1,1,6.00,4,7,1
1248,191,427,Iossi,2009,-0.180,181,-0.179916485,0.005617978,0.074953169,-999,-999,1,5,2,2,-999,1,1,6.00,4,7,1
1248,191,428,Iossi,2009,-0.100,117,-0.096296554,0.008771930,0.093658581,-999,-999,1,5,2,2,-999,1,1,6.00,5,7,1
1250,192,429,Suinn & Winston,2003,-0.310,124,-0.320545409,0.008264463,0.090909091,-999,-999,1,5,2,2,-999,1,1,-999.00,4,-999,0
1250,192,430,Suinn & Winston,2003,-0.410,124,-0.435611223,0.008264463,0.090909091,-999,-999,1,5,2,2,-999,1,1,-999.00,4,-999,0
1250,192,431,Suinn & Winston,2003,-0.340,124,-0.354092529,0.008264463,0.090909091,-999,-999,1,5,2,2,-999,1,1,6.00,4,-999,0
1250,192,432,Suinn & Winston,2003,-0.460,124,-0.497311288,0.008264463,0.090909091,-999,-999,1,5,2,2,-999,1,1,6.00,4,-999,0
1260,193,433,Roberts & Vukovic,2011,-0.220,78,-0.223656109,0.013333333,0.115470054,-999,2,1,1,2,2,3,-999,1,-999.00,2,3,1
1260,193,434,Roberts & Vukovic,2011,-0.310,78,-0.320545409,0.013333333,0.115470054,-999,2,1,1,2,2,3,-999,1,-999.00,2,7,1
1269,194,435,"Maree, Fletcher, & Erasmus",2013,-0.420,222,-0.445266130,0.004566210,0.067573738,-999,-999,5,4,2,2,-999,10,1,-999.00,5,-999,0
1269,195,436,"Maree, Fletcher, & Erasmus",2013,-0.190,213,-0.192337169,0.004761905,0.069006556,-999,-999,5,4,2,2,-999,10,1,-999.00,5,-999,0
1272,196,437,Ayotola & Adedeji,2009,-0.310,1099,-0.323867791,0.000912409,0.030206105,-999,-999,5,4,2,2,-999,7,1,-999.00,2,-999,0
1277,197,438,Siebers,2015,-0.390,381,-0.412979962,0.002645503,0.051434450,-999,1,1,3,2,2,-999,10,1,-999.00,1,-999,1
1278,198,439,Hafner,2008,-0.210,123,-0.213171347,0.008333333,0.091287093,-999,1,1,3,2,2,-999,4,1,-999.00,4,-999,1
1279,199,440,Stiegelmeyer,2012,-0.290,166,-0.302939119,0.006134969,0.078326045,-999,1,1,5,2,1,-999,10,1,-999.00,2,-999,1
1285,200,441,Piearcy,1997,-0.160,67,-0.159334822,0.015625000,0.125000000,-999,1,1,5,2,2,-999,1,1,-999.00,4,7,1
1290,201,442,Owens,1994,-0.090,91,-0.090244188,0.011363636,0.106600358,-999,1,1,5,2,2,-999,3,1,-999.00,4,7,1
1296,202,443,"Jenben, Dunekacke, Eid, & Blomeke",2015,-0.240,354,-0.244774113,0.002849003,0.053376051,-999,-999,3,5,2,1,-999,9,1,-999.00,3,8,0
1296,202,444,"Jenben, Dunekacke, Eid, & Blomeke",2015,-0.270,354,-0.276863823,0.002849003,0.053376051,-999,-999,3,5,2,1,-999,9,1,-999.00,3,-999,0
1296,202,445,"Jenben, Dunekacke, Eid, & Blomeke",2015,-0.300,354,-0.309519604,0.002849003,0.053376051,-999,-999,3,5,2,1,-999,9,1,-999.00,3,-999,0
1296,202,446,"Jenben, Dunekacke, Eid, & Blomeke",2015,-0.300,354,-0.309519604,0.002849003,0.053376051,-999,-999,3,5,2,1,-999,9,1,-999.00,3,-999,0
1296,202,447,"Jenben, Dunekacke, Eid, & Blomeke",2015,-0.320,354,-0.331647109,0.002849003,0.053376051,-999,-999,3,5,2,1,-999,9,1,-999.00,3,8,0
1296,202,448,"Jenben, Dunekacke, Eid, & Blomeke",2015,-0.340,354,-0.354092529,0.002849003,0.053376051,-999,-999,3,5,2,1,-999,9,1,-999.00,3,6,0
1296,202,449,"Jenben, Dunekacke, Eid, & Blomeke",2015,-0.360,354,-0.376885901,0.002849003,0.053376051,-999,-999,3,5,2,1,-999,9,1,-999.00,3,-999,0
1296,202,450,"Jenben, Dunekacke, Eid, & Blomeke",2015,-0.380,354,-0.400059650,0.002849003,0.053376051,-999,-999,3,5,2,1,-999,9,1,-999.00,3,6,0
1303,203,451,Kim & McLean,1994,-0.150,208,-0.151140436,0.004878049,0.069843030,-999,-999,4,5,2,2,-999,1,1,4.00,3,7,1
1303,203,452,Kim & McLean,1994,-0.190,208,-0.192337169,0.004878049,0.069843030,-999,-999,4,5,2,2,-999,1,1,4.00,3,-999,1
1305,204,453,"Gan, Lim, & Haw",2016,-0.240,35,-0.243713262,0.031250000,0.176776695,-999,-999,4,5,2,2,-999,1,1,-999.00,3,-999,0
1305,204,454,"Gan, Lim, & Haw",2016,-0.280,35,-0.288767472,0.031250000,0.176776695,-999,-999,4,5,2,2,-999,1,1,-999.00,3,-999,0
1309,205,455,Solazzo,2008,-0.290,131,-0.298566264,0.007812500,0.088388348,-999,1,1,2,2,2,1,-999,1,4.00,2,-999,1
1309,205,456,Solazzo,2008,-0.350,131,-0.365443754,0.007812500,0.088388348,-999,1,1,2,2,2,1,-999,1,4.00,2,3,1
1309,205,457,Solazzo,2008,-0.370,131,-0.388423100,0.007812500,0.088388348,-999,1,1,2,2,2,1,-999,1,4.00,2,-999,1
1311,206,458,Kyttala & Bjorn,2014,-0.130,42,-0.130739850,0.025641026,0.160128154,1,-999,3,3,2,2,-999,1,1,6.00,2,3,0
1311,206,459,Kyttala & Bjorn,2014,-0.190,42,-0.192337169,0.025641026,0.160128154,1,-999,3,3,2,2,-999,1,1,6.00,2,4,0
1311,207,460,Kyttala & Bjorn,2014,-0.080,32,-0.080171325,0.034482759,0.185695338,0,-999,3,3,2,2,-999,1,1,6.00,2,3,0
1311,207,461,Kyttala & Bjorn,2014,-0.360,32,-0.376885901,0.034482759,0.185695338,0,-999,3,3,2,2,-999,1,1,6.00,2,4,0
1313,208,462,Khabiri,1993,-0.140,216,-0.140925576,0.004694836,0.068518871,-999,-999,1,4,2,2,-999,10,1,-999.00,3,-999,1
1313,208,463,Khabiri,1993,-0.140,216,-0.140925576,0.004694836,0.068518871,-999,-999,1,4,2,2,-999,10,1,-999.00,3,-999,1
1313,208,464,Khabiri,1993,-0.220,216,-0.223656109,0.004694836,0.068518871,-999,-999,1,4,2,2,-999,10,1,-999.00,3,-999,1
1313,208,465,Khabiri,1993,-0.230,216,-0.234189467,0.004694836,0.068518871,-999,-999,1,4,2,2,-999,10,1,-999.00,3,-999,1
1313,208,466,Khabiri,1993,-0.290,216,-0.298566264,0.004694836,0.068518871,-999,-999,1,4,2,2,-999,10,1,-999.00,3,-999,1
1313,208,467,Khabiri,1993,-0.290,216,-0.298566264,0.004694836,0.068518871,-999,-999,1,4,2,2,-999,10,1,-999.00,3,-999,1
1315,209,468,"Necka, Sokolowski, & Lyons",2015,-0.360,181,-0.376885901,0.005617978,0.074953169,-999,-999,1,5,2,2,-999,1,1,-999.00,3,3,0
1335,211,469,Steiner & Ashcraft,2012,-0.310,184,-0.320545409,0.005524862,0.074329415,-999,2,1,5,2,2,-999,1,1,-999.00,2,-999,0
1335,210,470,Steiner & Ashcraft,2012,-0.350,153,-0.365443754,0.006666667,0.081649658,-999,2,1,5,2,2,-999,1,1,-999.00,2,-999,0
1335,211,471,Steiner & Ashcraft,2012,-0.330,184,-0.342828254,0.005524862,0.074329415,-999,2,1,5,2,2,-999,1,1,-999.00,3,-999,0
1335,211,472,Steiner & Ashcraft,2012,-0.270,177,-0.276863823,0.005747126,0.075809804,-999,2,1,5,2,2,-999,1,1,-999.00,3,-999,0
1335,210,473,Steiner & Ashcraft,2012,-0.340,153,-0.354092529,0.006666667,0.081649658,-999,2,1,5,2,2,-999,1,1,-999.00,3,-999,0
1338,212,474,Cheema & Sheridan,2015,-0.390,4978,-0.411800034,0.000201005,0.014177624,-999,2,1,4,2,2,-999,5,1,-999.00,2,-999,0
1351,213,475,Dutko,2015,-0.150,174,-0.152163611,0.005847953,0.076471911,-999,2,1,2,2,2,6,-999,1,-999.00,2,3,1
1351,213,476,Dutko,2015,-0.190,174,-0.196490276,0.005847953,0.076471911,-999,2,1,2,2,2,6,-999,1,-999.00,4,-999,1
1351,213,477,Dutko,2015,-0.320,174,-0.329420529,0.005847953,0.076471911,-999,2,1,2,2,2,6,-999,1,-999.00,1,-999,1
1351,213,478,Dutko,2015,-0.350,174,-0.370009475,0.005847953,0.076471911,-999,2,1,2,2,2,6,-999,1,-999.00,2,4,1
1354,214,479,Lee,2009,-0.330,4597,-0.342828254,0.000217675,0.014753821,-999,-999,3,4,2,2,-999,5,1,-999.00,2,-999,0
1354,215,480,Lee,2009,-0.330,4452,-0.342828254,0.000224770,0.014992318,-999,-999,2,4,2,2,-999,5,1,-999.00,2,-999,0
1354,216,481,Lee,2009,-0.300,4478,-0.309519604,0.000223464,0.014948702,-999,-999,4,4,2,2,-999,5,1,-999.00,2,-999,0
1354,217,482,Lee,2009,-0.310,1250,-0.320545409,0.000801925,0.028318274,-999,-999,4,4,2,2,-999,5,1,-999.00,2,-999,0
1354,218,483,Lee,2009,-0.440,6320,-0.472230804,0.000158303,0.012581852,-999,-999,3,4,2,2,-999,5,1,-999.00,2,-999,0
1354,219,484,Lee,2009,-0.510,4218,-0.562729769,0.000237248,0.015402854,-999,-999,3,4,2,2,-999,5,1,-999.00,2,-999,0
1354,220,485,Lee,2009,-0.450,5796,-0.484700279,0.000172622,0.013138574,-999,-999,3,4,2,2,-999,5,1,-999.00,2,-999,0
1354,221,486,Lee,2009,-0.270,4300,-0.276863823,0.000232721,0.015255180,-999,-999,3,4,2,2,-999,5,1,-999.00,2,-999,0
1354,222,487,Lee,2009,-0.360,4627,-0.376885901,0.000216263,0.014705882,-999,-999,3,4,2,2,-999,5,1,-999.00,2,-999,0
1354,223,488,Lee,2009,-0.340,4765,-0.354092529,0.000209996,0.014491232,-999,-999,3,4,2,2,-999,5,1,-999.00,2,-999,0
1354,224,489,Lee,2009,-0.410,3350,-0.435611223,0.000298775,0.017285110,-999,-999,3,4,2,2,-999,5,1,-999.00,2,-999,0
1354,225,490,Lee,2009,-0.120,10761,-0.120581028,0.000092954,0.009641270,-999,-999,4,4,2,2,-999,5,1,-999.00,2,-999,0
1354,226,491,Lee,2009,-0.380,3886,-0.400059650,0.000257533,0.016047830,-999,-999,3,4,2,2,-999,5,1,-999.00,2,-999,0
1354,227,492,Lee,2009,-0.160,4707,-0.161386696,0.000212585,0.014580296,-999,-999,4,4,2,2,-999,5,1,-999.00,2,-999,0
1354,228,493,Lee,2009,-0.250,5444,-0.255412812,0.000183790,0.013556908,-999,-999,4,4,2,2,-999,5,1,-999.00,2,-999,0
1354,229,494,Lee,2009,-0.440,4627,-0.472230804,0.000216263,0.014705882,-999,-999,3,4,2,2,-999,5,1,-999.00,2,-999,0
1354,230,495,Lee,2009,-0.330,3923,-0.342828254,0.000255102,0.015971914,-999,-999,3,4,2,2,-999,5,1,-999.00,2,-999,0
1354,231,496,Lee,2009,-0.320,29983,-0.331647109,0.000033356,0.005775428,-999,-999,1,4,2,2,-999,5,1,-999.00,2,-999,0
1354,232,497,Lee,2009,-0.260,3992,-0.266108407,0.000250689,0.015833174,-999,-999,3,4,2,2,-999,5,1,-999.00,2,-999,0
1354,233,498,Lee,2009,-0.450,4511,-0.484700279,0.000221828,0.014893887,-999,-999,6,4,2,2,-999,5,1,-999.00,2,-999,0
1354,234,499,Lee,2009,-0.500,4064,-0.549306144,0.000246245,0.015692188,-999,-999,3,4,2,2,-999,5,1,-999.00,2,-999,0
1354,235,500,Lee,2009,-0.490,4385,-0.536060337,0.000228206,0.015106499,-999,-999,3,4,2,2,-999,5,1,-999.00,2,-999,0
1354,236,501,Lee,2009,-0.370,4608,-0.388423100,0.000217155,0.014736189,-999,-999,3,4,2,2,-999,5,1,-999.00,2,-999,0
1354,237,502,Lee,2009,-0.390,5974,-0.411800034,0.000167476,0.012941257,-999,-999,4,4,2,2,-999,5,1,-999.00,2,-999,0
1354,238,503,Lee,2009,-0.430,7346,-0.459896681,0.000136184,0.011669795,-999,-999,3,4,2,2,-999,5,1,-999.00,2,-999,0
1354,239,504,Lee,2009,-0.310,10791,-0.320545409,0.000092696,0.009627855,-999,-999,3,4,2,2,-999,5,1,-999.00,2,-999,0
1354,240,505,Lee,2009,-0.450,4264,-0.484700279,0.000234687,0.015319487,-999,-999,3,4,2,2,-999,5,1,-999.00,2,-999,0
1354,241,506,Lee,2009,-0.150,5236,-0.151140436,0.000191095,0.013823711,-999,-999,4,4,2,2,-999,5,1,-999.00,2,-999,0
1354,242,507,Lee,2009,-0.190,4721,-0.192337169,0.000211954,0.014558648,-999,-999,5,4,2,2,-999,5,1,-999.00,2,-999,0
1354,243,508,Lee,2009,-0.330,4855,-0.342828254,0.000206101,0.014356203,-999,-999,4,4,2,2,-999,5,1,-999.00,2,-999,0
1354,244,509,Lee,2009,-0.330,9535,-0.342828254,0.000104910,0.010242547,-999,-999,3,4,2,2,-999,5,1,-999.00,2,-999,0
1354,245,510,Lee,2009,-0.350,5835,-0.365443754,0.000171468,0.013094570,-999,-999,2,4,2,2,-999,5,1,-999.00,2,-999,0
1354,246,511,Lee,2009,-0.340,4405,-0.354092529,0.000227169,0.015072142,-999,-999,3,4,2,2,-999,5,1,-999.00,2,-999,0
1354,247,512,Lee,2009,-0.370,12551,-0.388423100,0.000079694,0.008927148,-999,-999,6,4,2,2,-999,5,1,-999.00,2,-999,0
1354,248,513,Lee,2009,-0.350,11639,-0.365443754,0.000085940,0.009270393,-999,-999,3,4,2,2,-999,5,1,-999.00,2,-999,0
1354,249,514,Lee,2009,-0.340,4660,-0.354092529,0.000214731,0.014653686,-999,-999,3,4,2,2,-999,5,1,-999.00,2,-999,0
1354,250,515,Lee,2009,-0.420,27953,-0.447692024,0.000035778,0.005981486,-999,-999,1,4,2,2,-999,5,1,-999.00,2,-999,0
1354,251,516,Lee,2009,-0.400,5456,-0.423648930,0.000183385,0.013541983,-999,-999,1,4,2,2,-999,5,1,-999.00,2,-999,0
1354,252,517,Lee,2009,-0.310,332,-0.320545409,0.003039514,0.055131785,-999,-999,1,4,2,2,-999,5,1,-999.00,2,-999,0
1386,253,518,"Wang, Hart, Kovas, Lukowski, Soden, Thompson, Plomin, McLoughlin, Bartlett, Lyons, & Petrill",2014,-0.170,506,-0.171666664,0.001988072,0.044587796,-999,1,1,3,2,2,1,-999,1,-999.00,2,-999,0
1388,254,519,Birenbaum & Eylath,1994,-0.260,151,-0.266108407,0.006756757,0.082199494,0,-999,4,5,2,1,-999,10,1,-999.00,2,-999,0
1388,254,520,Birenbaum & Eylath,1994,-0.380,151,-0.400059650,0.006756757,0.082199494,0,-999,4,5,2,1,-999,10,1,-999.00,4,-999,0
1388,254,521,Birenbaum et al,1994,-0.110,151,-0.110446916,0.006756757,0.082199494,0,-999,4,5,2,1,-999,10,1,-999.00,4,8,0
1388,254,522,Birenbaum et al,1994,-0.390,151,-0.411800034,0.006756757,0.082199494,0,-999,4,5,2,1,-999,10,1,-999.00,4,-999,0
1388,254,523,Birenbaum et al,1994,-0.250,151,-0.255412812,0.006756757,0.082199494,0,-999,4,5,2,1,-999,10,1,-999.00,2,-999,0
1388,254,524,Birenbaum & Eylath,1994,-0.570,151,-0.647522845,0.006756757,0.082199494,0,-999,4,5,2,1,-999,10,1,-999.00,4,8,0
1399,255,525,Trezise & Reeve,2014,-0.490,76,-0.537377149,0.013698630,0.117041147,0,-999,6,4,2,2,-999,10,1,1.00,3,7,0
1399,255,526,Trezise & Reeve,2014,-0.570,76,-0.646042831,0.013698630,0.117041147,0,-999,6,4,2,2,-999,10,1,1.00,2,-999,0
1399,255,527,Trezise & Reeve,2014,-0.590,76,-0.683824350,0.013698630,0.117041147,0,-999,6,4,2,2,-999,10,1,1.00,3,7,0
1399,255,528,Trezise & Reeve,2014,-0.590,65,-0.682280562,0.016129032,0.127000127,0,-999,6,4,2,2,-999,10,1,1.00,2,3,0
1412,256,529,Barner et al.,2015,-0.270,98,-0.277619019,0.010526316,0.102597835,-999,-999,4,1,2,2,4,-999,1,-999.00,3,3,0
1412,256,530,Barner et al.,2015,-0.320,98,-0.328308421,0.010526316,0.102597835,-999,-999,4,1,2,2,4,-999,1,-999.00,2,3,0
1412,256,531,Barner et al.,2015,-0.400,98,-0.423648930,0.010526316,0.102597835,-999,-999,4,1,2,2,4,-999,1,-999.00,3,2,0
1412,256,532,Barner et al.,2015,-0.410,98,-0.436813884,0.010526316,0.102597835,-999,-999,4,1,2,2,4,-999,1,-999.00,2,3,0
1413,257,533,Barner et al.,2016,-0.170,44,-0.168578995,0.024390244,0.156173762,-999,2,1,1,2,2,4,-999,1,-999.00,3,2,1
1413,257,534,Barner et al.,2016,-0.180,44,-0.184050431,0.024390244,0.156173762,-999,2,1,1,2,2,4,-999,1,-999.00,2,-999,1
1413,257,535,Barner et al.,2016,-0.220,44,-0.220505698,0.024390244,0.156173762,-999,2,1,1,2,2,4,-999,1,-999.00,2,3,1
1413,257,536,Barner et al.,2016,-0.220,44,-0.225758808,0.024390244,0.156173762,-999,2,1,1,2,2,4,-999,1,-999.00,2,3,1
1413,257,537,Barner et al.,2016,-0.310,44,-0.320545409,0.024390244,0.156173762,-999,2,1,1,2,2,4,-999,1,-999.00,3,2,1
1413,257,538,Barner et al.,2016,-0.430,44,-0.457445576,0.024390244,0.156173762,-999,2,1,1,2,2,4,-999,1,-999.00,2,-999,1
1413,258,539,Barner et al.,2016,-0.110,26,-0.111459277,0.043478261,0.208514414,-999,2,1,1,2,2,4,-999,1,-999.00,2,3,1
1413,258,540,Barner et al.,2016,-0.210,26,-0.208990458,0.043478261,0.208514414,-999,2,1,1,2,2,4,-999,1,-999.00,3,2,1
1413,258,541,Barner et al.,2016,-0.210,26,-0.215264538,0.043478261,0.208514414,-999,2,1,1,2,2,4,-999,1,-999.00,2,-999,1
1413,258,542,Barner et al.,2016,-0.450,26,-0.484700279,0.043478261,0.208514414,-999,2,1,1,2,2,4,-999,1,-999.00,2,-999,1
1413,258,543,Barner et al.,2016,-0.460,26,-0.493512743,0.043478261,0.208514414,-999,2,1,1,2,2,4,-999,1,-999.00,3,2,1
1413,258,544,Barner et al.,2016,-0.550,26,-0.612664516,0.043478261,0.208514414,-999,2,1,1,2,2,4,-999,1,-999.00,2,3,1
1414,259,545,Foley,2015,-0.420,40,-0.451340166,0.027027027,0.164398987,-999,2,1,1,2,2,-999,10,1,-999.00,2,3,1
1415,260,546,Hurst & Cordes,2012,0.030,29,0.030009005,0.038461538,0.196116135,-999,-999,1,5,2,2,-999,1,1,6.00,3,5,1
1415,260,547,Hurst & Cordes,2012,-0.060,29,-0.063083548,0.038461538,0.196116135,-999,-999,1,5,2,2,-999,1,1,6.00,3,5,1
1415,260,548,Hurst & Cordes,2012,-0.220,29,-0.220505698,0.038461538,0.196116135,-999,-999,1,5,2,2,-999,1,1,6.00,3,7,1
1415,260,549,Hurst & Cordes,2012,-0.410,29,-0.430812377,0.038461538,0.196116135,-999,-999,1,5,2,2,-999,1,1,6.00,3,6,1
1416,261,550,Hurst & Cordes,2013,-0.270,24,-0.274707811,0.047619048,0.218217890,-999,-999,1,5,2,2,-999,1,1,6.00,3,6,1
1416,261,551,Hurst & Cordes,2013,-0.480,24,-0.519093409,0.047619048,0.218217890,-999,-999,1,5,2,2,-999,1,1,6.00,3,5,1
1416,261,552,Hurst & Cordes,2013,-0.500,24,-0.546643022,0.047619048,0.218217890,-999,-999,1,5,2,2,-999,1,1,6.00,3,7,1
1416,261,553,Hurst & Cordes,2013,-0.470,22,-0.507506360,0.052631579,0.229415734,-999,-999,1,5,2,2,-999,1,1,6.00,3,5,1
1417,262,554,"Lauer, Esposito, & Bauer",2016,-0.160,529,-0.156259498,0.001901141,0.043602072,-999,2,1,2,2,2,4,-999,1,-999.00,2,-999,1
1418,263,555,Braham & Libertus,2016,-0.190,86,-0.192337169,0.012048193,0.109764260,-999,1,1,5,2,2,-999,1,1,6.00,2,3,1
1418,263,556,Braham & Libertus,2016,-0.220,85,-0.223656109,0.012195122,0.110431526,-999,1,1,5,2,2,-999,1,1,6.00,2,-999,1
1418,263,557,Braham & Libertus,2016,-0.270,85,-0.276863823,0.012195122,0.110431526,-999,1,1,5,2,2,-999,1,1,6.00,2,3,1
1419,264,558,"Schmitz, Salemink, Wiers, & Jansen",2015,-0.330,103,-0.342828254,0.010000000,0.100000000,-999,-999,3,5,2,2,-999,1,1,6.00,4,-999,1
1420,265,559,Benedict,2016,-0.500,63,-0.549306144,0.016666667,0.129099445,-999,-999,1,5,2,2,-999,1,1,6.00,3,-999,1
1420,265,560,Benedict,2016,-0.130,63,-0.130739850,0.016666667,0.129099445,-999,-999,1,5,2,2,-999,1,1,6.00,3,2,1
1420,265,561,Benedict,2016,-0.180,63,-0.181982689,0.016666667,0.129099445,-999,-999,1,5,2,2,-999,1,1,6.00,3,2,1
1420,265,562,Benedict,2016,-0.210,63,-0.213171347,0.016666667,0.129099445,-999,-999,1,5,2,2,-999,1,1,6.00,3,3,1
1420,265,563,Benedict,2016,-0.230,63,-0.234189467,0.016666667,0.129099445,-999,-999,1,5,2,2,-999,1,1,6.00,3,3,1
1420,265,564,Benedict,2016,-0.290,63,-0.298566264,0.016666667,0.129099445,-999,-999,1,5,2,2,-999,1,1,6.00,3,3,1
1420,265,565,Benedict,2016,-0.310,63,-0.320545409,0.016666667,0.129099445,-999,-999,1,5,2,2,-999,1,1,6.00,3,3,1
1420,265,566,Benedict,2016,-0.430,63,-0.459896681,0.016666667,0.129099445,-999,-999,1,5,2,2,-999,1,1,6.00,3,-999,1
1421,266,567,Douglas & LeFevre,2016,-0.300,90,-0.309519604,0.011494253,0.107211253,-999,-999,1,5,2,2,-999,1,1,6.00,3,2,1
1421,266,568,Douglas & LeFevre,2016,-0.370,90,-0.388423100,0.011494253,0.107211253,-999,-999,1,5,2,2,-999,1,1,6.00,2,3,1
1421,266,569,Douglas & LeFevre,2016,-0.430,90,-0.459896681,0.011494253,0.107211253,-999,-999,1,5,2,2,-999,1,1,6.00,3,-999,1
1423,267,570,"LeFevre, Penner-Wilger, Pyke, Shanahan, & Deslauriers",2014,-0.310,693,-0.320545409,0.001449275,0.038069349,-999,-999,1,5,2,2,-999,2,1,-999.00,2,3,1
1424,268,571,Sowinski,2016,-0.150,151,-0.151140436,0.006756757,0.082199494,-999,-999,1,5,2,2,-999,10,1,-999.00,2,3,1
1424,268,572,Sowinski,2016,-0.080,151,-0.080171325,0.006756757,0.082199494,-999,-999,1,5,2,2,-999,10,1,-999.00,3,1,1
1424,268,573,Sowinski,2016,-0.130,151,-0.130739850,0.006756757,0.082199494,-999,-999,1,5,2,2,-999,10,1,-999.00,2,3,1
1424,268,574,Sowinski,2016,-0.190,151,-0.192337169,0.006756757,0.082199494,-999,-999,1,5,2,2,-999,10,1,-999.00,2,2,1
1424,268,575,Sowinski,2016,-0.210,151,-0.213171347,0.006756757,0.082199494,-999,-999,1,5,2,2,-999,10,1,-999.00,2,3,1
1424,268,576,Sowinski,2016,-0.260,151,-0.266108407,0.006756757,0.082199494,-999,-999,1,5,2,2,-999,10,1,-999.00,3,-999,1
1424,268,577,Sowinski,2016,-0.290,151,-0.298566264,0.006756757,0.082199494,-999,-999,1,5,2,2,-999,10,1,-999.00,3,3,1
1425,269,578,"Sowinski, Dunbar, & LeFevre",2014,-0.220,391,-0.223656109,0.002577320,0.050767308,-999,-999,1,5,2,2,-999,2,1,-999.00,2,3,1
1427,270,579,Arias,2016,-0.230,397,-0.234189467,0.002538071,0.050379272,-999,-999,-999,6,2,2,-999,1,1,-999.00,2,-999,1
1428,271,580,Gashaj & Roebers,2015,-0.180,133,-0.186119730,0.007692308,0.087705802,-999,-999,3,1,2,2,5,-999,1,-999.00,1,-999,1
1429,272,581,"Gilligan, Thomas, & Farran",2016,-0.210,151,-0.212125441,0.006756757,0.082199494,-999,-999,3,2,2,2,4,-999,1,-999.00,1,-999,1
1429,272,582,"Gilligan, Thomas, & Farran",2016,-0.040,134,-0.036015564,0.007633588,0.087370406,-999,-999,3,2,2,2,4,-999,1,-999.00,2,2,1
1429,272,583,"Gilligan, Thomas, & Farran",2016,0.020,129,0.020002667,0.007936508,0.089087081,-999,-999,3,2,2,2,4,-999,1,-999.00,2,1,1
1429,272,584,"Gilligan, Thomas, & Farran",2016,0.070,129,0.070114671,0.007936508,0.089087081,-999,-999,3,2,2,2,4,-999,1,-999.00,2,2,1
1429,272,585,"Gilligan, Thomas, & Farran",2016,-0.110,105,-0.110446916,0.009803922,0.099014754,-999,-999,3,2,2,2,4,-999,1,-999.00,2,2,1
1430,273,586,Krinzinger,2016,-0.180,84,-0.181982689,0.012345679,0.111111111,-999,-999,3,2,2,2,5,-999,1,-999.00,2,3,1
1430,273,587,Krinzinger,2016,-0.170,103,-0.171666664,0.010000000,0.100000000,-999,-999,3,1,2,2,5,-999,1,-999.00,2,3,1
1430,273,588,Krinzinger,2016,0.050,69,0.050041729,0.015151515,0.123091491,-999,-999,3,1,2,2,5,-999,1,-999.00,2,3,1
1430,273,589,Krinzinger,2016,-0.140,82,-0.140925576,0.012658228,0.112508790,-999,-999,3,1,2,2,5,-999,1,-999.00,2,3,1
1430,273,590,Krinzinger,2016,-0.200,89,-0.202732554,0.011627907,0.107832773,-999,-999,3,1,2,2,5,-999,1,-999.00,2,3,1
1433,274,591,Batchelor,2016,-0.530,123,-0.590145160,0.008333333,0.091287093,-999,1,1,5,2,2,-999,7,1,-999.00,4,-999,1
1433,274,592,Batchelor,2016,-0.540,123,-0.604155603,0.008333333,0.091287093,-999,1,1,5,2,2,-999,7,1,-999.00,4,-999,1
1435,275,593,"Sandoz, Butcher, & Protti",2017,-0.020,132,-0.020002667,0.007751938,0.088045091,-999,2,1,5,2,2,-999,-999,2,-999.00,3,8,0
1438,276,594,"Si, Li, Sun, Xu, & Sun",2016,-0.350,215,-0.359757028,0.004716981,0.068680282,-999,-999,4,3,2,2,6,-999,1,-999.00,2,3,0
1438,277,595,"Si, Li, Sun, Xu, & Sun",2016,-0.190,221,-0.195451377,0.004587156,0.067728546,-999,-999,4,2,2,2,6,-999,1,-999.00,2,3,0
1438,278,596,"Si, Li, Sun, Xu, & Sun",2016,-0.310,203,-0.320545409,0.005000000,0.070710678,-999,-999,4,5,2,2,-999,1,1,-999.00,2,3,0
1439,279,597,Hoover & Healy,2017,-0.110,20,-0.105388448,0.058823529,0.242535625,-999,-999,1,6,2,2,-999,2,1,-999.00,3,4,0
1439,280,598,Hoover & Healy,2017,-0.140,20,-0.140925576,0.058823529,0.242535625,-999,-999,1,5,2,2,-999,2,1,-999.00,3,4,0
1439,280,599,Hoover & Healy,2017,-0.350,20,-0.362029024,0.058823529,0.242535625,-999,-999,1,5,2,2,-999,2,1,-999.00,3,4,0
1439,279,600,Hoover & Healy,2017,-0.490,20,-0.534745221,0.058823529,0.242535625,-999,-999,1,6,2,2,-999,2,1,-999.00,3,4,0
1456,281,601,"Devine, Hill, Carey, & Szűcs",2018,-0.290,830,-0.298566264,0.001209190,0.034773407,-999,-999,3,2,2,2,1,-999,1,6.00,2,-999,0
1456,282,602,"Devine, Hill, Carey, & Szűcs",2018,-0.160,238,-0.161386696,0.004255319,0.065232807,-999,-999,3,3,2,2,-999,4,1,6.00,2,-999,0
1456,283,603,"Devine, Hill, Carey, & Szűcs",2018,-0.320,689,-0.331647109,0.001457726,0.038180177,-999,-999,3,3,2,2,-999,4,1,6.00,2,-999,0
1465,284,604,"Wu, Chen, Battista, Watts, Willcutt, & Menon",2017,-0.230,330,-0.234189467,0.003058104,0.055300126,-999,-999,1,1,2,2,2,-999,1,-999.00,2,4,0
1465,284,605,"Wu, Chen, Battista, Watts, Willcutt, & Menon",2017,-0.380,330,-0.400059650,0.003058104,0.055300126,-999,-999,1,1,2,2,2,-999,1,-999.00,2,-999,0
1479,285,606,"Canu, Elizondo, & Broman-Fulks",2017,-0.290,272,-0.295293894,0.003717472,0.060971076,-999,1,1,5,2,2,-999,1,1,6.00,2,-999,0
1480,286,607,Gibson-Dee,2016,-0.280,214,-0.287682072,0.004739336,0.068842839,-999,-999,1,5,2,2,-999,9,1,-999.00,4,7,1
1480,286,608,Gibson-Dee,2016,-0.180,214,-0.181982689,0.004739336,0.068842839,-999,-999,1,5,2,2,-999,9,1,-999.00,4,7,1
1480,286,609,Gibson-Dee,2016,-0.180,214,-0.181982689,0.004739336,0.068842839,-999,-999,1,5,2,2,-999,9,1,-999.00,4,7,1
1480,286,610,Gibson-Dee,2016,-0.270,214,-0.276863823,0.004739336,0.068842839,-999,-999,1,5,2,2,-999,9,1,-999.00,4,7,1
1482,287,611,"Cargnelutti, Tomasetto, & Passolunghi",2017,-0.120,80,-0.120581028,0.012987013,0.113960576,-999,-999,3,2,2,2,2,-999,1,-999.00,3,3,0
1482,287,612,"Cargnelutti, Tomasetto, & Passolunghi",2017,0.120,80,0.120581028,0.012987013,0.113960576,-999,-999,3,2,2,2,2,-999,1,-999.00,2,-999,0
1482,287,613,"Cargnelutti, Tomasetto, & Passolunghi",2017,0.140,80,0.140925576,0.012987013,0.113960576,-999,-999,3,2,2,2,2,-999,1,-999.00,3,3,0
1482,287,614,"Cargnelutti, Tomasetto, & Passolunghi",2017,0.210,80,0.213171347,0.012987013,0.113960576,-999,-999,3,2,2,2,2,-999,1,-999.00,2,2,0
1482,287,615,"Cargnelutti, Tomasetto, & Passolunghi",2017,0.220,80,0.223656109,0.012987013,0.113960576,-999,-999,3,2,2,2,2,-999,1,-999.00,2,4,0
1482,287,616,"Cargnelutti, Tomasetto, & Passolunghi",2017,0.240,80,0.244774113,0.012987013,0.113960576,-999,-999,3,2,2,2,2,-999,1,-999.00,2,4,0
1482,287,617,"Cargnelutti, Tomasetto, & Passolunghi",2017,-0.360,80,-0.376885901,0.012987013,0.113960576,-999,-999,3,2,2,2,2,-999,1,-999.00,2,-999,0
1482,287,618,"Cargnelutti, Tomasetto, & Passolunghi",2017,-0.310,80,-0.320545409,0.012987013,0.113960576,-999,-999,3,2,2,2,2,-999,1,-999.00,2,4,0
1482,287,619,"Cargnelutti, Tomasetto, & Passolunghi",2017,-0.310,80,-0.320545409,0.012987013,0.113960576,-999,-999,3,2,2,2,2,-999,1,-999.00,3,3,0
1482,287,620,"Cargnelutti, Tomasetto, & Passolunghi",2017,-0.610,198,-0.708921359,0.005128205,0.071611487,-999,-999,3,1,2,2,2,-999,1,-999.00,2,2,0
1482,287,621,"Cargnelutti, Tomasetto, & Passolunghi",2017,-0.040,198,-0.040021354,0.005128205,0.071611487,-999,-999,3,1,2,2,2,-999,1,-999.00,2,4,0
1482,287,622,"Cargnelutti, Tomasetto, & Passolunghi",2017,-0.010,198,-0.010000333,0.005128205,0.071611487,-999,-999,3,1,2,2,2,-999,1,-999.00,3,3,0
1484,288,623,"Lindskog, Winman, & Poom",2017,-0.430,79,-0.459896681,0.013157895,0.114707867,-999,-999,-999,5,2,2,-999,1,1,6.00,2,1,0
1484,288,624,"Lindskog, Winman, & Poom",2017,-0.350,79,-0.365443754,0.013157895,0.114707867,-999,-999,-999,5,2,2,-999,1,1,6.00,2,1,0
1486,289,625,"Hart, Daucourt, & Ganley",2017,0.020,85,0.020002667,0.012195122,0.110431526,-999,1,1,5,2,2,-999,1,1,6.00,4,-999,0
1486,289,626,"Hart, Daucourt, & Ganley",2017,-0.130,85,-0.130739850,0.012195122,0.110431526,-999,1,1,5,2,2,-999,1,1,6.00,2,1,0
1487,290,627,D'Aloisio,2016,-0.230,221,-0.234189467,0.004587156,0.067728546,-999,2,1,5,2,2,-999,10,1,-999.00,4,-999,1
1487,290,628,D'Aloisio,2016,-0.200,219,-0.205859519,0.004629630,0.068041382,-999,2,1,5,2,2,-999,10,1,-999.00,1,-999,1
1487,290,629,D'Aloisio,2016,-0.200,202,-0.205859519,0.005025126,0.070888121,-999,2,1,5,2,2,-999,10,1,-999.00,1,-999,1
1487,290,630,D'Aloisio,2016,-0.320,202,-0.330533423,0.005025126,0.070888121,-999,2,1,5,2,2,-999,10,1,-999.00,1,-999,1
1487,290,631,D'Aloisio,2016,-0.450,202,-0.487210954,0.005025126,0.070888121,-999,2,1,5,2,2,-999,10,1,-999.00,4,-999,1
1487,290,632,D'Aloisio,2016,-0.320,182,-0.330533423,0.005586592,0.074743509,-999,2,1,5,2,2,-999,10,1,-999.00,1,-999,1
1489,291,633,Lee & Cho,2018,-0.080,76,-0.078158764,0.013698630,0.117041147,-999,-999,4,5,2,2,-999,10,1,6.00,3,1,0
1489,291,634,Lee & Cho,2018,0.090,76,0.085205600,0.013698630,0.117041147,-999,-999,4,5,2,2,-999,10,1,6.00,3,3,0
1489,291,635,Lee & Cho,2018,0.020,76,0.021003088,0.013698630,0.117041147,-999,-999,4,5,2,2,-999,10,1,6.00,3,-999,0
1494,292,636,"Justicia-Galiano, Martin-Puga, Linares, & Pelegrina",2017,-0.270,167,-0.276863823,0.006097561,0.078086881,-999,-999,3,2,2,2,-999,1,1,6.00,2,-999,0
1494,292,637,"Justicia-Galiano, Martin-Puga, Linares, & Pelegrina",2017,-0.260,167,-0.266108407,0.006097561,0.078086881,-999,-999,3,2,2,2,-999,1,1,6.00,2,3,0
1497,293,638,Yáñez-Marquina & Villardón-Gallego,2017,-0.160,563,-0.161386696,0.001785714,0.042257713,-999,-999,3,3,2,2,-999,10,1,-999.00,3,-999,0
1497,293,639,Yáñez-Marquina & Villardón-Gallego,2017,-0.380,563,-0.400059650,0.001785714,0.042257713,-999,-999,3,3,2,2,-999,10,1,5.00,3,-999,0
1497,293,640,Yáñez-Marquina & Villardón-Gallego,2017,-0.370,563,-0.388423100,0.001785714,0.042257713,-999,-999,3,3,2,2,-999,10,1,4.00,3,-999,0
1503,294,641,"Paechter, Macher, Martskivishvili, Wimmer, & Papousek",2017,-0.130,225,-0.126673217,0.004504505,0.067115606,-999,-999,3,5,2,2,-999,1,1,-999.00,4,-999,0
1503,294,642,"Paechter, Macher, Martskivishvili, Wimmer, & Papousek",2017,-0.210,225,-0.210035000,0.004504505,0.067115606,-999,-999,3,5,2,2,-999,1,1,5.00,4,-999,0
1503,294,643,"Paechter, Macher, Martskivishvili, Wimmer, & Papousek",2017,-0.330,225,-0.342828254,0.004504505,0.067115606,-999,-999,3,5,2,2,-999,1,1,4.00,4,-999,0
1503,294,644,"Paechter, Macher, Martskivishvili, Wimmer, & Papousek",2017,0.010,225,0.005000042,0.004504505,0.067115606,-999,-999,3,5,2,2,-999,1,1,5.00,5,8,0
1503,294,645,"Paechter, Macher, Martskivishvili, Wimmer, & Papousek",2017,-0.010,225,-0.012000576,0.004504505,0.067115606,-999,-999,3,5,2,2,-999,1,1,-999.00,5,8,0
1503,294,646,"Paechter, Macher, Martskivishvili, Wimmer, & Papousek",2017,-0.120,225,-0.123625981,0.004504505,0.067115606,-999,-999,3,5,2,2,-999,1,1,4.00,5,8,0
1503,294,647,"Paechter, Macher, Martskivishvili, Wimmer, & Papousek",2017,0.000,225,0.002000003,0.004504505,0.067115606,-999,-999,3,5,2,2,-999,-999,2,-999.00,4,-999,0
1503,294,648,"Paechter, Macher, Martskivishvili, Wimmer, & Papousek",2017,-0.050,225,-0.050041729,0.004504505,0.067115606,-999,-999,3,5,2,2,-999,-999,2,-999.00,4,-999,0
1503,294,649,"Paechter, Macher, Martskivishvili, Wimmer, & Papousek",2017,-0.120,225,-0.115511019,0.004504505,0.067115606,-999,-999,3,5,2,2,-999,-999,2,6.00,4,-999,0
1503,294,650,"Paechter, Macher, Martskivishvili, Wimmer, & Papousek",2017,-0.080,225,-0.078158764,0.004504505,0.067115606,-999,-999,3,5,2,2,-999,-999,2,-999.00,5,8,0
1503,294,651,"Paechter, Macher, Martskivishvili, Wimmer, & Papousek",2017,-0.120,225,-0.119566541,0.004504505,0.067115606,-999,-999,3,5,2,2,-999,-999,2,6.00,5,8,0
1503,294,652,"Paechter, Macher, Martskivishvili, Wimmer, & Papousek",2017,-0.130,225,-0.126673217,0.004504505,0.067115606,-999,-999,3,5,2,2,-999,-999,2,-999.00,5,8,0
1507,295,653,Ariapooran,2017,-0.260,63,-0.262893582,0.016666667,0.129099445,0,-999,4,4,2,2,-999,9,1,-999.00,3,-999,0
1507,296,654,Ariapooran,2017,-0.300,63,-0.311718860,0.016666667,0.129099445,0,-999,4,4,2,2,-999,9,1,-999.00,3,-999,0
1514,297,655,"Hunt, Bhardwa, & Sheffield",2017,-0.100,77,-0.104377407,0.013513514,0.116247639,-999,-999,3,3,2,2,6,-999,1,-999.00,2,-999,0
1514,297,656,"Hunt, Bhardwa, & Sheffield",2017,-0.260,77,-0.263964597,0.013513514,0.116247639,-999,-999,3,3,2,2,6,-999,1,-999.00,2,-999,0
1519,298,657,Daches Cohen & Rubinsten,2017,-0.280,27,-0.287682072,0.041666667,0.204124145,-999,-999,4,3,2,2,-999,1,1,6.00,2,3,0
1519,298,658,Daches Cohen & Rubinsten,2017,-0.420,27,-0.447692024,0.041666667,0.204124145,-999,-999,4,3,2,2,-999,1,1,6.00,2,3,0
1520,299,659,Ramirez,2017,-0.260,812,-0.265036204,0.001236094,0.035158128,-999,2,1,1,2,2,4,-999,1,-999.00,2,-999,0
1520,299,660,Ramirez,2017,-0.260,812,-0.266108407,0.001236094,0.035158128,-999,2,1,1,2,2,4,-999,1,-999.00,2,-999,0
1522,300,661,"Ribeiro, Tonoli, Ribeiro, & Santos",2017,0.510,15,0.566792795,0.083333333,0.288675135,-999,-999,2,2,1,2,-999,10,1,-999.00,2,4,0
1522,300,662,"Ribeiro, Tonoli, Ribeiro, & Santos",2017,0.200,15,0.203774438,0.083333333,0.288675135,-999,-999,2,2,1,2,-999,10,1,-999.00,2,3,0
1522,300,663,"Ribeiro, Tonoli, Ribeiro, & Santos",2017,0.190,15,0.187154970,0.083333333,0.288675135,-999,-999,2,2,1,2,-999,10,1,-999.00,2,3,0
1522,300,664,"Ribeiro, Tonoli, Ribeiro, & Santos",2017,-0.030,15,-0.027006564,0.083333333,0.288675135,-999,-999,2,2,1,2,-999,10,1,-999.00,2,2,0
1522,300,665,"Ribeiro, Tonoli, Ribeiro, & Santos",2017,-0.350,15,-0.370009475,0.083333333,0.288675135,-999,-999,2,2,1,2,-999,10,1,-999.00,2,1,0
1522,300,666,"Ribeiro, Tonoli, Ribeiro, & Santos",2017,0.280,13,0.284429817,0.100000000,0.316227766,-999,-999,2,2,1,2,-999,10,1,-999.00,2,1,0
1522,300,667,"Ribeiro, Tonoli, Ribeiro, & Santos",2017,0.180,13,0.177851799,0.100000000,0.316227766,-999,-999,2,2,1,2,-999,10,1,-999.00,2,3,0
1522,300,668,"Ribeiro, Tonoli, Ribeiro, & Santos",2017,-0.020,13,-0.019002287,0.100000000,0.316227766,-999,-999,2,2,1,2,-999,10,1,-999.00,2,2,0
1522,300,669,"Ribeiro, Tonoli, Ribeiro, & Santos",2017,-0.090,13,-0.085205600,0.100000000,0.316227766,-999,-999,2,2,1,2,-999,10,1,-999.00,2,2,0
1522,300,670,"Ribeiro, Tonoli, Ribeiro, & Santos",2017,-0.120,13,-0.115511019,0.100000000,0.316227766,-999,-999,2,2,1,2,-999,10,1,-999.00,2,2,0
1522,300,671,"Ribeiro, Tonoli, Ribeiro, & Santos",2017,-0.120,13,-0.121595763,0.100000000,0.316227766,-999,-999,2,2,1,2,-999,10,1,-999.00,2,2,0
1522,300,672,"Ribeiro, Tonoli, Ribeiro, & Santos",2017,-0.140,13,-0.145007898,0.100000000,0.316227766,-999,-999,2,2,1,2,-999,10,1,-999.00,2,2,0
1522,301,673,"Ribeiro, Tonoli, Ribeiro, & Santos",2017,0.450,15,0.488468431,0.083333333,0.288675135,-999,-999,2,2,2,2,-999,10,1,-999.00,2,2,0
1522,301,674,"Ribeiro, Tonoli, Ribeiro, & Santos",2017,0.420,15,0.445266130,0.083333333,0.288675135,-999,-999,2,2,2,2,-999,10,1,-999.00,2,2,0
1522,301,675,"Ribeiro, Tonoli, Ribeiro, & Santos",2017,0.240,15,0.249022949,0.083333333,0.288675135,-999,-999,2,2,2,2,-999,10,1,-999.00,2,1,0
1522,301,676,"Ribeiro, Tonoli, Ribeiro, & Santos",2017,-0.050,15,-0.049039273,0.083333333,0.288675135,-999,-999,2,2,2,2,-999,10,1,-999.00,2,3,0
1522,301,677,"Ribeiro, Tonoli, Ribeiro, & Santos",2017,-0.090,15,-0.086212965,0.083333333,0.288675135,-999,-999,2,2,2,2,-999,10,1,-999.00,2,1,0
1522,301,678,"Ribeiro, Tonoli, Ribeiro, & Santos",2017,-0.150,15,-0.149095025,0.083333333,0.288675135,-999,-999,2,2,2,2,-999,10,1,-999.00,2,2,0
1522,301,679,"Ribeiro, Tonoli, Ribeiro, & Santos",2017,-0.180,15,-0.180949396,0.083333333,0.288675135,-999,-999,2,2,2,2,-999,10,1,-999.00,2,4,0
1522,301,680,"Ribeiro, Tonoli, Ribeiro, & Santos",2017,-0.250,15,-0.253280612,0.083333333,0.288675135,-999,-999,2,2,2,2,-999,10,1,-999.00,2,3,0
1522,301,681,"Ribeiro, Tonoli, Ribeiro, & Santos",2017,-0.260,15,-0.261823156,0.083333333,0.288675135,-999,-999,2,2,2,2,-999,10,1,-999.00,2,2,0
1522,301,682,"Ribeiro, Tonoli, Ribeiro, & Santos",2017,-0.280,15,-0.289853534,0.083333333,0.288675135,-999,-999,2,2,2,2,-999,10,1,-999.00,2,2,0
1522,301,683,"Ribeiro, Tonoli, Ribeiro, & Santos",2017,-0.380,15,-0.404743086,0.083333333,0.288675135,-999,-999,2,2,2,2,-999,10,1,-999.00,2,2,0
1522,301,684,"Ribeiro, Tonoli, Ribeiro, & Santos",2017,-0.540,15,-0.602745045,0.083333333,0.288675135,-999,-999,2,2,2,2,-999,10,1,-999.00,2,3,0
1529,302,685,Mkhize & Maistry,2017,-0.100,128,-0.097305953,0.008000000,0.089442719,-999,-999,5,5,2,1,-999,3,1,-999.00,5,-999,0
1529,303,686,Mkhize & Maistry,2017,-0.150,112,-0.152163611,0.009174312,0.095782629,-999,-999,5,5,2,1,-999,3,1,-999.00,5,-999,0
1529,304,687,Mkhize & Maistry,2017,-0.250,62,-0.257547287,0.016949153,0.130188911,-999,-999,5,5,2,1,-999,3,1,-999.00,5,-999,0
1529,305,688,Mkhize & Maistry,2017,-0.190,53,-0.187154970,0.020000000,0.141421356,-999,-999,5,5,2,1,-999,3,1,-999.00,5,-999,0
1529,306,689,Mkhize & Maistry,2017,-0.250,31,-0.250086530,0.035714286,0.188982237,-999,-999,5,5,2,1,-999,3,1,-999.00,5,-999,0
1529,307,690,Mkhize & Maistry,2017,-0.290,27,-0.295293894,0.041666667,0.204124145,-999,-999,5,5,2,1,-999,3,1,-999.00,5,-999,0
1536,308,691,"Caviola, Primi, Chiesi, & Mammarella",2017,-0.110,1012,-0.110446916,0.000991080,0.031481428,-999,-999,3,2,2,2,-999,1,1,5.00,2,-999,0
1536,308,692,"Caviola, Primi, Chiesi, & Mammarella",2017,-0.160,1010,-0.161386696,0.000993049,0.031512675,-999,-999,3,2,2,2,-999,1,1,5.00,2,3,0
1536,308,693,"Caviola, Primi, Chiesi, & Mammarella",2017,-0.220,1010,-0.223656109,0.000993049,0.031512675,-999,-999,3,2,2,2,-999,1,1,5.00,2,3,0
1536,308,694,"Caviola, Primi, Chiesi, & Mammarella",2017,-0.190,1009,-0.192337169,0.000994036,0.031528333,-999,-999,3,2,2,2,-999,1,1,5.00,2,3,0
1536,308,695,"Caviola, Primi, Chiesi, & Mammarella",2017,-0.110,1012,-0.110446916,0.000991080,0.031481428,-999,-999,3,2,2,2,-999,1,1,4.00,2,-999,0
1536,308,696,"Caviola, Primi, Chiesi, & Mammarella",2017,-0.170,1010,-0.171666664,0.000993049,0.031512675,-999,-999,3,2,2,2,-999,1,1,4.00,2,3,0
1536,308,697,"Caviola, Primi, Chiesi, & Mammarella",2017,-0.210,1010,-0.213171347,0.000993049,0.031512675,-999,-999,3,2,2,2,-999,1,1,4.00,2,3,0
1536,308,698,"Caviola, Primi, Chiesi, & Mammarella",2017,-0.200,1009,-0.202732554,0.000994036,0.031528333,-999,-999,3,2,2,2,-999,1,1,4.00,2,3,0
1540,309,699,Henschel & Roick,2017,-0.520,368,-0.576339755,0.002739726,0.052342392,-999,-999,3,2,2,2,1,-999,1,2.00,2,-999,0
1540,309,700,Henschel & Roick,2017,-0.680,368,-0.829114038,0.002739726,0.052342392,-999,-999,3,2,2,2,1,-999,1,1.00,2,-999,0
1542,310,701,"Van der Beek, Van der Ven, Kroesbergen, & Leseman",2017,-0.220,1014,-0.223656109,0.000989120,0.031450273,-999,-999,3,4,2,2,-999,5,1,-999.00,3,-999,0
1557,311,702,Novak & Tassell,2017,-0.520,47,-0.576339755,0.022727273,0.150755672,-999,-999,1,5,2,2,-999,3,1,-999.00,3,4,0
1557,311,703,Novak & Tassell,2017,-0.560,47,-0.632833187,0.022727273,0.150755672,-999,-999,1,5,2,2,-999,3,1,-999.00,3,-999,0
1557,311,704,Novak & Tassell,2017,-0.570,47,-0.647522845,0.022727273,0.150755672,-999,-999,1,5,2,2,-999,3,1,-999.00,3,6,0
1560,312,705,Cheung,2017,-0.310,5177,-0.323867791,0.000193274,0.013902304,-999,-999,4,4,2,2,-999,5,1,-999.00,2,-999,0
1560,313,706,Cheung,2017,-0.320,4670,-0.326086553,0.000214270,0.014637978,-999,-999,4,4,2,2,-999,5,1,-999.00,2,-999,0
1560,314,707,Cheung,2017,-0.210,5033,-0.207946366,0.000198807,0.014099899,-999,-999,4,4,2,2,-999,5,1,-999.00,2,-999,0
1560,315,708,Cheung,2017,-0.410,5546,-0.432010329,0.000180408,0.013431594,-999,-999,4,4,2,2,-999,5,1,-999.00,2,-999,0
1560,316,709,Cheung,2017,-0.280,6046,-0.284429817,0.000165481,0.012863931,-999,-999,4,4,2,2,-999,5,1,-999.00,2,-999,0
1565,317,710,Buelow & Barnhart,2017,-0.160,137,-0.163439918,0.007462687,0.086386843,-999,-999,1,5,2,2,-999,1,1,6.00,2,3,0
1570,318,711,Auxter,2016,-0.330,121,-0.342828254,0.008474576,0.092057462,-999,2,1,5,2,2,-999,10,1,-999.00,3,4,1
1570,318,712,Auxter,2016,-0.340,121,-0.354092529,0.008474576,0.092057462,-999,2,1,5,2,2,-999,10,1,-999.00,3,-999,1
1572,319,713,Soni & Kumari,2017,-0.700,595,-0.867300528,0.001689189,0.041099747,-999,-999,4,3,2,2,-999,4,1,-999.00,3,-999,0
1576,320,714,"Hart, Ganley, & Purpura",2016,-0.140,339,-0.140925576,0.002976190,0.054554473,-999,1,1,6,2,2,-999,10,1,-999.00,2,1,0
1582,321,715,Ganley,2014,-0.180,137,-0.181982689,0.007462687,0.086386843,0,2,1,5,2,2,-999,1,1,5.00,3,-999,1
1582,322,716,Ganley,2014,-0.270,70,-0.280102561,0.014925373,0.122169444,1,2,1,5,2,2,-999,1,1,5.00,3,-999,1
1582,321,717,Ganley,2014,-0.190,137,-0.187154970,0.007462687,0.086386843,0,2,1,5,2,2,-999,1,1,4.00,3,-999,1
1582,322,718,Ganley,2014,-0.130,70,-0.131757175,0.014925373,0.122169444,1,2,1,5,2,2,-999,1,1,4.00,3,-999,1
1583,323,719,"Ganley, Conlon, McGraw, Barroso, & Geer",2016,-0.230,61,-0.237359351,0.017241379,0.131306433,-999,2,1,5,2,2,-999,1,1,6.00,3,-999,1
1584,324,720,"Conlon, Barroso, Hicks, & Ganley",2018,-0.150,53,-0.147050852,0.020000000,0.141421356,-999,2,1,5,2,2,-999,1,1,5.00,3,-999,1
1584,324,721,"Conlon, Barroso, Hicks, & Ganley",2018,-0.190,53,-0.192337169,0.020000000,0.141421356,-999,2,1,5,2,2,-999,1,1,4.00,3,-999,1
1585,325,722,Hart & Ganley,2017,-0.310,1000,-0.320545409,0.001003009,0.031670318,-999,1,1,6,2,2,-999,10,1,-999.00,2,8,1
1585,325,723,Hart & Ganley,2017,-0.260,996,-0.266108407,0.001007049,0.031734041,-999,1,1,6,2,2,-999,10,1,-999.00,3,3,1
1585,325,724,Hart & Ganley,2017,-0.330,1000,-0.342828254,0.001003009,0.031670318,-999,1,1,6,2,2,-999,2,1,-999.00,2,8,1
1585,325,725,Hart & Ganley,2017,-0.270,996,-0.276863823,0.001007049,0.031734041,-999,1,1,6,2,2,-999,2,1,-999.00,3,3,1
1585,325,726,Hart & Ganley,2017,-0.340,1000,-0.354092529,0.001003009,0.031670318,-999,1,1,6,2,2,-999,1,1,6.00,2,8,1
1585,325,727,Hart & Ganley,2017,-0.250,996,-0.255412812,0.001007049,0.031734041,-999,1,1,6,2,2,-999,1,1,6.00,3,3,1
1587,326,728,Hart et al.,2016,-0.070,342,-0.067100525,0.002949853,0.054312545,-999,-999,1,5,2,2,-999,1,1,5.00,2,8,1
1587,326,729,Hart et al.,2016,-0.150,342,-0.148072785,0.002949853,0.054312545,-999,-999,1,5,2,2,-999,1,1,4.00,2,8,1
1587,326,730,Hart et al.,2016,-0.140,345,-0.142966145,0.002923977,0.054073807,-999,-999,1,5,2,2,-999,-999,2,-999.00,2,8,1
1589,327,731,Kowalsky,2017,-0.010,117,-0.008000171,0.008771930,0.093658581,-999,2,1,5,2,2,-999,1,1,6.00,2,3,1
1589,327,732,Kowalsky,2017,-0.290,124,-0.298566264,0.008264463,0.090909091,-999,2,1,5,2,2,-999,1,1,6.00,1,-999,1
1589,327,733,Kowalsky,2017,0.120,165,0.115511019,0.006172840,0.078567420,-999,2,1,5,2,2,-999,1,1,6.00,2,2,1
1589,327,734,Kowalsky,2017,0.100,162,0.099325348,0.006289308,0.079305159,-999,2,1,5,2,2,-999,1,1,6.00,2,1,1
1590,328,735,Geer & Ganley,2017,-0.090,251,-0.087220503,0.004032258,0.063500064,-999,2,1,5,2,2,-999,1,1,6.00,2,3,1
1591,329,736,Barroso,2017,-0.050,348,-0.053049709,0.002898551,0.053838190,-999,-999,1,5,2,2,-999,-999,2,-999.00,2,8,1
1591,329,737,Barroso,2017,-0.170,347,-0.174757577,0.002906977,0.053916387,-999,-999,1,5,2,2,-999,1,1,6.00,2,8,1
1592,330,738,"Barroso, Ganley, Hart, Clendinning, & Rogers",2018,-0.170,230,-0.171666664,0.004405286,0.066372331,-999,1,1,5,2,2,-999,1,1,6.00,2,8,1
1592,330,739,"Barroso, Ganley, Hart, Clendinning, & Rogers",2018,-0.350,230,-0.365443754,0.004405286,0.066372331,-999,1,1,5,2,2,-999,1,1,6.00,1,-999,1
1600,331,740,Núñez-Peña Lab,2013,-0.060,262,-0.060072156,0.003861004,0.062136977,-999,-999,3,5,2,2,-999,1,1,5.00,3,3,0
1600,332,741,Núñez-Peña Lab,2014,-0.290,96,-0.298566264,0.010752688,0.103695169,-999,-999,3,5,2,2,-999,1,1,5.00,2,-999,0
1600,331,742,Núñez-Peña Lab,2013,-0.130,262,-0.130739850,0.003861004,0.062136977,-999,-999,3,5,2,2,-999,1,1,-999.00,3,3,0
1600,332,743,Núñez-Peña Lab,2014,-0.380,96,-0.400059650,0.010752688,0.103695169,-999,-999,3,5,2,2,-999,1,1,-999.00,2,-999,0
1600,331,744,Núñez-Peña Lab,2013,-0.130,262,-0.130739850,0.003861004,0.062136977,-999,-999,3,5,2,2,-999,1,1,4.00,3,3,0
1600,332,745,Núñez-Peña Lab,2014,-0.260,96,-0.266108407,0.010752688,0.103695169,-999,-999,3,5,2,2,-999,1,1,4.00,2,-999,0
1600,331,746,Núñez-Peña Lab,2013,-0.110,247,-0.110446916,0.004098361,0.064018440,-999,-999,3,5,2,2,-999,2,1,-999.00,3,3,0
1600,332,747,Núñez-Peña Lab,2014,-0.290,61,-0.298566264,0.017241379,0.131306433,-999,-999,3,5,2,2,-999,2,1,-999.00,2,-999,0